order_id,restaurant_id,customer_id,carrier_id,customer_lat,customer_lon,date,time,is_peak_time,is_weekend,carrier_vehicle,shopping_cart,coupon_discount,order_price,shortest_distance_to_customer,travel_time_minutes,restaurant_rating,delivery_charges
ORD221584,REST1137,CUST06498,COUR4108,-37.8253674,144.98281409999998,2020-11-26,06:31:38,0,0,Motorbike,"[('crispy corn', 1), ('momos', 1), ('mocktails', 2), ('gulab jamun', 3)]",20,88.784,2742.0,5,,3.4576
ORD185757,REST1572,CUST08996,COUR2623,-37.81267929999999,144.9595761,2020-09-27,15:53:24,0,1,Car,"[('pizza', 1), ('veg starter', 2)]",45,33.121,1045.0,3,,3.6992
ORD058245,REST1946,CUST09230,COUR2476,-37.7995098,144.93537769999998,2020-11-24,22:48:47,0,0,Bike,"[('chicken tenders', 3), ('yakhni pulao', 3), ('roti', 1), ('paneer malai tikka', 1)]",0,146.83,3312.0,17,,4.6442
ORD182651,REST1572,CUST03209,COUR0581,-37.8114421,144.92733069999997,2020-05-29,08:06:35,0,0,Bike,"[('cocktails', 1), ('sea food', 3)]",0,37.94,4292.0,21,,4.1049
ORD189538,REST1137,CUST08767,COUR3877,-37.8157329,144.9822677,2020-12-28,11:40:13,0,0,Car,"[('gulab jamun', 2), ('pizza', 2), ('chicken biryani', 2)]",20,71.712,1576.0,4,,2.7549
ORD021697,REST1946,CUST03930,COUR2147,-37.8110439,144.9380628,2020-12-17,09:57:21,0,0,Motorbike,"[('chicken tenders', 2), ('mutton pepper fry', 1), ('paneer malai tikka', 2)]",10,89.847,,2,,
ORD225963,REST1137,CUST06376,COUR0752,-37.8173802,144.94889569999998,2020-11-20,01:54:43,0,0,Motorbike,"[('chicken kebab', 2), ('cocktails', 1), ('mocktails', 3)]",0,67.3,,6,,
ORD057348,REST1946,CUST11198,COUR4143,-37.8029407,144.93074919999998,2020-04-30,21:05:56,0,0,Motorbike,"[('yakhni pulao', 3), ('chicken tenders', 3), ('biryani', 3)]",0,148.2,931.0,2,,3.459
ORD330548,REST2155,CUST02801,COUR1136,-37.810137700000006,144.9965834,2020-01-07,17:32:18,0,0,Motorbike,"[('kulfi', 2), ('thali', 2)]",0,33.8,726.0,1,,2.8244
ORD081259,REST1572,CUST12822,COUR2962,-37.815785999999996,145.0094576,2020-11-12,08:10:32,0,0,Motorbike,"[('bbq chicken', 2), ('wedges', 3), ('mocktails', 3)]",0,149.93,4235.0,8,,3.2062
ORD313898,REST2185,CUST12817,COUR2482,-37.8196218,144.9633907,2020-07-14,06:59:20,0,0,Motorbike,"[('rajma', 3), ('custard', 1), ('biryani', 1), ('sweet lassi', 1)]",45,55.341,888.0,2,,2.9393
ORD150251,REST2185,CUST04224,COUR2280,-37.8202439,144.9853076,2020-04-10,06:31:38,0,0,Car,"[('sweet lassi', 3), ('custard', 3), ('jeera rice', 3), ('protein chapati', 1)]",40,83.268,2888.0,7,,3.3058
ORD259909,REST2155,CUST13476,COUR2052,-37.8071333,144.9450199,2020-11-10,18:47:28,1,0,Motorbike,"[('kulfi', 2), ('thali', 2)]",20,27.04,5543.0,11,,5.0779
ORD297778,REST1946,CUST07684,COUR1834,-37.8177706,144.93177830000002,2020-07-26,15:41:32,0,1,Car,"[('butter naan', 1), ('chicken tenders', 1), ('roti', 1), ('yakhni pulao', 3)]",0,106.24,2006.0,5,,4.6509
ORD123422,REST2185,CUST09507,COUR1289,-37.8210557,144.94350500000002,2020-07-06,03:09:53,0,0,Bike,"[('jeera rice', 1), ('shahi paneer', 1), ('custard', 2)]",40,39.702,1365.0,7,,3.8351
ORD182481,REST2185,CUST03541,COUR4540,-37.8154247,144.99154030000003,2020-02-27,19:23:04,1,0,Car,"[('sweet lassi', 2), ('rajma', 1), ('custard', 3)]",0,113.68,,9,,
ORD101503,REST1137,CUST11497,COUR0681,-37.807075700000006,144.9371993,2020-06-08,10:09:13,0,0,Car,"[('chicken biryani', 1), ('murgh ghee roast', 1)]",0,21.97,4170.0,10,,3.1145
ORD192264,REST1137,CUST05903,COUR2583,-37.815349600000005,144.9721728,2020-12-15,21:49:27,0,0,Car,"[('mocktails', 1), ('chicken biryani', 1)]",10,20.844,1038.0,2,,2.9209
ORD106282,REST1572,CUST02655,COUR0843,-37.8086023,144.9586157,2020-11-01,22:48:47,0,1,Bike,"[('mocktails', 2), ('veg starter', 2), ('cocktails', 3)]",0,93.88,,7,,
ORD293345,REST1137,CUST06526,COUR2191,-37.82419470000001,144.98338,2020-01-06,05:20:26,0,0,Car,"[('murgh ghee roast', 2), ('mocktails', 1), ('chicken kebab', 1), ('chicken biryani', 1)]",0,45.81,2644.0,6,,3.3666
ORD209287,REST2155,CUST06044,COUR2899,-37.8063174,144.9415754,2020-12-13,00:11:52,0,1,Motorbike,"[('kulfi', 1), ('sweet lassi', 3), ('cheese naan', 3), ('biryani', 3)]",0,115.53,5828.0,12,,5.1969
ORD249885,REST2155,CUST03594,COUR1671,-37.8255311,144.9516784,2020-10-14,04:13:11,0,0,Bike,"[('butter kulcha', 2), ('cheese naan', 1), ('sweet lassi', 2), ('thali', 1)]",10,69.318,5574.0,28,,5.4454
ORD335510,REST2155,CUST13192,COUR2340,-37.819050299999994,144.9768798,2020-03-14,06:51:25,0,1,Car,"[('palak paneer', 3), ('butter kulcha', 1)]",0,53.22,,8,,
ORD225601,REST1137,CUST10684,COUR0410,-37.8157899,144.9869135,2020-09-30,22:25:03,0,0,Car,"[('pizza', 1), ('murgh ghee roast', 2)]",45,8.882,,5,,
ORD170196,REST1137,CUST01071,COUR2386,-37.8203974,145.0151888,2020-06-24,10:36:55,0,0,Car,"[('momos', 1), ('chicken kebab', 3)]",0,45.55,4565.0,11,,3.89
ORD093953,REST2155,CUST04969,COUR2755,-37.811279799999994,144.97345149999998,2020-01-27,08:18:27,0,0,Motorbike,"[('sweet lassi', 1), ('kulfi', 2), ('butter kulcha', 3), ('biryani', 3)]",40,52.482,,6,,
ORD180700,REST2185,CUST12493,COUR4237,-37.8187396,144.9532457,2020-07-21,10:52:44,0,0,Motorbike,"[('biryani', 1), ('protein chapati', 2), ('rajma', 2)]",10,53.874,,1,,
ORD267717,REST2155,CUST02890,COUR1000,-37.8040191,144.9648098,2020-10-23,16:17:08,0,0,Car,"[('kulfi', 3), ('biryani', 2), ('thali', 3), ('sweet lassi', 3)]",0,80.62,,9,,
ORD277997,REST2155,CUST01044,COUR4919,-37.8163392,144.9287765,2020-03-11,13:30:59,1,0,Motorbike,"[('butter kulcha', 1), ('thali', 2)]",10,33.066,7910.0,16,,5.6292
ORD322774,REST2185,CUST06273,COUR2108,-37.807285,144.95704469999998,2020-12-27,06:23:44,0,1,Motorbike,"[('jeera rice', 2), ('rajma', 3), ('shahi paneer', 2), ('biryani', 1)]",0,98.48,,5,,
ORD146593,REST1946,CUST10532,COUR3768,-37.8161657,144.9752775,2020-08-02,08:42:11,0,1,Bike,"[('biryani', 2), ('roti', 1), ('yakhni pulao', 2)]",10,78.75,6907.0,35,,7.8627
ORD149710,REST2155,CUST13478,COUR1081,-37.807028700000004,144.94532769999998,2020-09-04,00:27:41,0,0,Car,"[('sweet lassi', 3), ('palak paneer', 3)]",0,53.1,,13,,
ORD130938,REST1137,CUST09143,COUR1276,-37.816446500000005,144.95527969999998,2020-11-17,14:42:11,0,0,Car,"[('chicken biryani', 1), ('murgh ghee roast', 1), ('gulab jamun', 1), ('cocktails', 1)]",40,41.124,2118.0,5,,2.6452
ORD222068,REST1572,CUST07280,COUR2734,-37.8212245,144.9475376,2020-11-16,18:27:41,1,0,Car,"[('bbq chicken', 2), ('veg starter', 1), ('sea food', 3)]",40,49.854,1833.0,4,,4.3407
ORD058528,REST2155,CUST02618,COUR0946,-37.8086358,144.9600405,2020-01-24,05:16:29,0,0,Bike,"[('butter kulcha', 1), ('kulfi', 2), ('biryani', 3)]",45,27.572,4072.0,20,,4.6948
ORD162205,REST1572,CUST00785,COUR0525,-37.800588899999994,144.9653899,2020-07-23,04:21:05,0,0,Motorbike,"[('sea food', 2), ('veg starter', 2)]",0,58.94,,4,,
ORD060387,REST2155,CUST04104,COUR2011,-37.818684399999995,144.9838021,2020-02-24,17:16:29,0,0,Car,"[('biryani', 1), ('butter kulcha', 1)]",0,23.03,2643.0,6,,3.4155
ORD323528,REST1137,CUST07426,COUR0809,-37.8067098,144.9089836,2020-02-12,02:46:09,0,0,Car,"[('chicken biryani', 2), ('pizza', 2), ('crispy corn', 3), ('momos', 2)]",40,73.764,6290.0,15,,3.8066
ORD052234,REST1946,CUST04513,COUR2654,-37.820226399999996,144.95312119999997,2020-09-27,15:45:29,0,1,Bike,"[('yakhni pulao', 2), ('chicken tenders', 3), ('biryani', 3)]",20,102.472,,11,,
ORD031085,REST2185,CUST02618,COUR0101,-37.8086358,144.9600405,2020-06-19,00:43:30,0,0,Bike,"[('custard', 1), ('protein chapati', 1), ('shahi paneer', 2)]",0,51.1,2276.0,11,,3.7541
ORD265650,REST2155,CUST13160,COUR1606,-37.8118571,144.9361346,2020-07-23,05:52:05,0,0,Motorbike,"[('palak paneer', 2), ('biryani', 1)]",0,31.81,,14,,
ORD179808,REST1137,CUST00833,COUR4275,-37.8163708,144.9603311,2020-12-22,14:38:14,0,0,Car,"[('gulab jamun', 3), ('chicken kebab', 2)]",20,73.76,1819.0,4,,3.0314
ORD143789,REST2155,CUST13868,COUR4755,-37.815866,144.9724123,2020-05-07,12:19:46,1,0,Car,"[('palak paneer', 1), ('biryani', 2)]",45,14.531,3230.0,8,,5.0993
ORD309111,REST2155,CUST04760,COUR0909,-37.8056467,144.9275595,2020-08-19,18:59:20,1,0,Motorbike,"[('cheese naan', 1), ('kulfi', 2)]",10,33.39,7182.0,14,,5.6185
ORD059186,REST2155,CUST13807,COUR3041,-37.8114923,144.9653919,2020-10-24,20:50:06,0,1,Bike,"[('palak paneer', 1), ('thali', 2), ('cheese naan', 3), ('kulfi', 2)]",0,118.26,3666.0,18,,5.1269
ORD312599,REST1946,CUST07705,COUR2225,-37.813266799999994,144.9586428,2020-04-07,05:04:36,0,0,Car,"[('yakhni pulao', 2), ('mutton pepper fry', 2), ('chicken tenders', 1)]",0,98.92,,6,,
ORD114518,REST1946,CUST06491,COUR1708,-37.825725399999996,144.9828503,2020-08-29,20:22:25,0,1,Car,"[('chicken tenders', 3), ('mutton pepper fry', 3), ('roti', 2), ('paneer malai tikka', 2)]",0,194.81,5457.0,13,,5.4676
ORD295505,REST1137,CUST09188,COUR4556,-37.8146899,144.9690651,2020-06-28,08:58:01,0,1,Motorbike,"[('pizza', 1), ('chicken kebab', 2)]",0,29.29,1136.0,2,,3.5988
ORD075301,REST1946,CUST07404,COUR1108,-37.8237154,144.96731259999999,2020-02-18,03:57:21,0,0,Motorbike,"[('paneer malai tikka', 3), ('mutton pepper fry', 2), ('yakhni pulao', 1)]",40,82.014,,8,,
ORD227746,REST2155,CUST00320,COUR2780,-37.80158529999999,144.94843740000002,2020-03-31,14:58:01,0,0,Bike,"[('butter kulcha', 1), ('biryani', 2), ('kulfi', 3), ('cheese naan', 1)]",0,73.68,5282.0,26,,4.9632
ORD269302,REST2185,CUST04937,COUR2702,-37.8141716,144.97321589999999,2020-06-08,04:29:00,0,0,Car,"[('custard', 2), ('biryani', 2), ('sweet lassi', 2), ('rajma', 3)]",20,125.76,2167.0,5,,2.9977
ORD009521,REST1137,CUST07015,COUR3332,-37.8052664,144.9551719,2020-10-28,04:40:52,0,0,Car,"[('fish', 2), ('pizza', 3), ('mocktails', 2)]",0,41.91,1976.0,5,,3.0628
ORD119206,REST1572,CUST03805,COUR0240,-37.8190369,144.9433207,2020-06-08,02:58:01,0,0,Bike,"[('mocktails', 2), ('pizza', 2), ('sea food', 2)]",0,107.96,,12,,
ORD349012,REST2155,CUST08585,COUR0805,-37.820735600000006,144.96188769999998,2020-05-15,19:34:56,1,0,Bike,"[('sweet lassi', 1), ('butter kulcha', 3)]",0,53.36,4431.0,22,,6.1594
ORD059477,REST2185,CUST03843,COUR0966,-37.813541,144.98507030000002,2020-04-15,13:42:51,1,0,Bike,"[('rajma', 1), ('custard', 1), ('protein chapati', 3), ('biryani', 1)]",20,60.08,3181.0,16,,5.8857
ORD012047,REST1572,CUST12999,COUR1369,-37.8126705,144.95200119999998,2020-04-30,11:16:29,0,0,Motorbike,"[('bbq chicken', 3), ('pizza', 1), ('mocktails', 2), ('wedges', 3)]",10,151.812,,4,,
ORD238707,REST1572,CUST05696,COUR4667,-37.8138662,144.93714780000002,2020-04-17,16:32:58,0,0,Motorbike,"[('cocktails', 3), ('bbq chicken', 1), ('pizza', 3)]",0,101.11,,7,,
ORD084152,REST2155,CUST04468,COUR1349,-37.8213016,144.9575809,2020-01-26,14:42:11,0,1,Car,"[('palak paneer', 3), ('butter kulcha', 2), ('thali', 3)]",0,100.32,4748.0,11,,4.8569
ORD002911,REST1137,CUST02900,COUR1774,-37.8052631,144.9863214,2020-07-13,17:48:07,0,0,Bike,"[('mocktails', 1), ('pizza', 1), ('murgh ghee roast', 3)]",0,28.06,1868.0,9,,3.5009
ORD042162,REST1137,CUST01317,COUR3029,-37.8109075,144.9888918,2020-09-11,13:03:17,1,0,Bike,"[('chicken biryani', 1), ('mocktails', 2), ('cocktails', 1)]",10,48.15,1752.0,9,,5.2095
ORD317369,REST1572,CUST13013,COUR2719,-37.8117199,144.95281540000002,2020-03-19,22:48:47,0,0,Car,"[('bbq chicken', 3), ('cocktails', 1), ('sea food', 2), ('caramel pudding', 1)]",0,88.77,,4,,
ORD265972,REST1572,CUST12003,COUR1335,-37.8185114,144.9958011,2020-02-06,22:05:16,0,0,Car,"[('caramel pudding', 1), ('mocktails', 3)]",40,44.58,,7,,
ORD069985,REST1137,CUST09895,COUR0243,-37.8201522,144.9651149,2020-05-02,18:19:46,1,1,Bike,"[('chicken kebab', 3), ('cocktails', 2)]",10,75.033,2058.0,10,,6.2048
ORD226265,REST1946,CUST09055,COUR4361,-37.8146021,144.94657980000002,2020-12-15,03:37:34,0,0,Bike,"[('paneer malai tikka', 2), ('biryani', 2)]",20,62.032,1607.0,8,,4.1721
ORD020599,REST1946,CUST09187,COUR2975,-37.8169305,144.96168490000002,2020-02-12,08:58:01,0,0,Bike,"[('yakhni pulao', 2), ('biryani', 3), ('mutton pepper fry', 2), ('butter naan', 1)]",10,126.864,2974.0,15,,4.6301
ORD103406,REST1572,CUST06508,COUR1593,-37.8249299,144.98280469999997,2020-09-28,00:19:46,0,0,Car,"[('caramel pudding', 2), ('mocktails', 1)]",40,28.62,,5,,
ORD200724,REST2185,CUST04904,COUR3175,-37.814319899999994,144.9762224,2020-05-28,02:14:30,0,0,Car,"[('custard', 1), ('rajma', 3)]",20,54.656,2242.0,5,,3.2696
ORD303188,REST1572,CUST08836,COUR0442,-37.8199725,144.9537791,2020-01-10,07:54:43,0,0,Car,"[('veg starter', 3), ('mocktails', 3)]",40,69.858,1293.0,3,,2.6526
ORD013680,REST1946,CUST02407,COUR1557,-37.804073700000004,144.9827659,2020-10-25,07:38:54,0,1,Bike,"[('chicken tenders', 3), ('mutton pepper fry', 2), ('biryani', 1), ('paneer malai tikka', 3)]",45,96.42,4530.0,23,,6.6052
ORD179115,REST2185,CUST03919,COUR0683,-37.819207,144.94637980000002,2020-04-12,20:38:14,0,1,Car,"[('rajma', 3), ('shahi paneer', 3)]",0,75.81,1271.0,3,,4.1422
ORD320716,REST1137,CUST00725,COUR2853,-37.8143884,144.95878019999998,2020-04-19,00:23:44,0,1,Bike,"[('chicken biryani', 2), ('murgh ghee roast', 3), ('chicken kebab', 3), ('gulab jamun', 2)]",45,71.858,,8,,
ORD063066,REST1572,CUST06383,COUR1951,-37.814442299999996,144.94745269999999,2020-05-04,20:18:27,0,0,Car,"[('veg starter', 1), ('mocktails', 2)]",45,32.444,,5,,
ORD259078,REST1137,CUST01444,COUR4418,-37.81119520000001,144.9697619,2020-08-18,11:04:36,0,0,Car,"[('pizza', 2), ('murgh ghee roast', 2), ('cocktails', 1), ('gulab jamun', 2)]",0,90.93,,1,,
ORD058335,REST1946,CUST10235,COUR3867,-37.806713099999996,144.9688406,2020-12-18,14:02:38,0,0,Bike,"[('mutton pepper fry', 1), ('yakhni pulao', 1), ('roti', 3), ('paneer malai tikka', 1)]",40,72.432,3042.0,15,,4.8061
ORD006868,REST2155,CUST13094,COUR4228,-37.823122999999995,144.9830236,2020-03-14,20:58:01,0,1,Bike,"[('butter kulcha', 1), ('thali', 2), ('palak paneer', 3)]",45,40.667,3200.0,16,,5.1563
ORD023556,REST2155,CUST09468,COUR1817,-37.7998801,144.94600280000003,2020-01-29,11:00:39,0,0,Bike,"[('butter kulcha', 3), ('sweet lassi', 2), ('biryani', 1)]",0,65.67,,28,,
ORD056800,REST1137,CUST05839,COUR3145,-37.813632299999995,144.9749776,2020-02-15,13:50:46,1,1,Motorbike,"[('chicken kebab', 1), ('momos', 1), ('mocktails', 3), ('cocktails', 3)]",10,101.439,831.0,2,,5.2091
ORD324684,REST2155,CUST10626,COUR0757,-37.80572720000001,144.9577236,2020-08-30,07:46:48,0,1,Car,"[('palak paneer', 1), ('kulfi', 1), ('butter kulcha', 3), ('biryani', 3)]",0,88.03,4221.0,10,,4.5148
ORD038509,REST2185,CUST00594,COUR2143,-37.813887799999996,144.940334,2020-11-24,00:00:00,0,0,Motorbike,"[('sweet lassi', 1), ('jeera rice', 3)]",10,30.726,2230.0,4,,3.4788
ORD213915,REST1137,CUST03121,COUR1266,-37.8143315,144.9881358,2020-09-22,13:11:12,1,0,Bike,"[('mocktails', 3), ('chicken kebab', 2)]",0,43.51,,10,,
ORD232646,REST2185,CUST09347,COUR0235,-37.8081997,144.9760897,2020-11-11,08:30:19,0,0,Bike,"[('protein chapati', 1), ('shahi paneer', 3), ('rajma', 2)]",45,36.724,2821.0,14,,4.2301
ORD299322,REST1946,CUST00237,COUR0032,-37.8245951,144.9483863,2020-09-06,13:30:59,1,1,Car,"[('mutton pepper fry', 1), ('roti', 1), ('paneer malai tikka', 3), ('yakhni pulao', 1)]",0,132.84,2763.0,7,,6.8451
ORD198194,REST1946,CUST00812,COUR1354,-37.8168308,144.9565622,2020-06-04,22:01:19,0,0,Bike,"[('butter naan', 2), ('biryani', 2), ('chicken tenders', 2)]",20,67.744,2420.0,12,,4.5987
ORD128465,REST2155,CUST02449,COUR2801,-37.806084999999996,144.94180580000003,2020-11-21,08:02:38,0,1,Car,"[('cheese naan', 1), ('butter kulcha', 2), ('palak paneer', 1)]",0,68.46,5805.0,14,,4.8351
ORD243429,REST1946,CUST09783,COUR2256,-37.8144218,144.9876715,2020-04-13,22:52:44,0,0,Bike,"[('roti', 3), ('yakhni pulao', 1)]",0,74.53,,25,,
ORD121326,REST1946,CUST03305,COUR1583,-37.8021222,144.94823390000002,2020-11-15,13:15:09,1,1,Car,"[('roti', 1), ('paneer malai tikka', 3)]",40,54.444,1422.0,3,,5.74
ORD003526,REST2155,CUST07003,COUR3337,-37.807301700000004,144.95551569999998,2020-04-05,15:09:53,0,1,Bike,"[('cheese naan', 1), ('butter kulcha', 1), ('palak paneer', 3)]",0,77.24,4528.0,23,,5.694
ORD101252,REST2185,CUST11108,COUR0194,-37.808660499999995,144.9482704,2020-12-28,17:52:05,0,0,Bike,"[('sweet lassi', 2), ('protein chapati', 1)]",40,19.08,1873.0,9,,3.5264
ORD088888,REST2185,CUST02662,COUR1597,-37.8075664,144.9666053,2020-03-26,15:45:29,0,0,Car,"[('jeera rice', 2), ('rajma', 3)]",0,58.08,,6,,
ORD101748,REST1572,CUST01908,COUR4466,-37.8265787,144.9725487,2020-04-05,16:01:19,0,1,Bike,"[('caramel pudding', 2), ('bbq chicken', 1), ('mocktails', 2), ('wedges', 3)]",10,127.17,,7,,
ORD320327,REST2155,CUST09367,COUR4538,-37.8109295,144.9728153,2020-09-25,22:25:03,0,0,Motorbike,"[('butter kulcha', 3), ('thali', 1), ('biryani', 1), ('sweet lassi', 3)]",0,81.33,,6,,
ORD013869,REST2155,CUST12600,COUR4924,-37.8245657,144.9627724,2020-09-24,04:44:50,0,0,Bike,"[('butter kulcha', 2), ('kulfi', 3), ('thali', 3), ('sweet lassi', 1)]",45,48.422,,24,,
ORD164559,REST1572,CUST07938,COUR1405,-37.813178,144.97386880000002,2020-08-10,03:01:58,0,0,Motorbike,"[('pizza', 3), ('wedges', 2), ('veg starter', 1)]",0,125.81,1038.0,2,,2.9914
ORD333195,REST1137,CUST04883,COUR0340,-37.819830100000004,144.97954860000002,2020-10-29,21:25:42,0,0,Car,"[('pizza', 3), ('fish', 2)]",0,28.81,1872.0,4,,3.1404
ORD348844,REST2185,CUST01752,COUR3300,-37.8163438,144.94261980000002,2020-12-31,15:17:48,0,0,Motorbike,"[('rajma', 3), ('biryani', 3)]",0,101.7,2190.0,4,,3.2963
ORD346167,REST2155,CUST12553,COUR0783,-37.8187896,144.9532997,2020-12-06,01:15:09,0,1,Motorbike,"[('cheese naan', 3), ('palak paneer', 3)]",20,87.408,5089.0,10,,4.6169
ORD342966,REST1137,CUST00979,COUR2885,-37.813201899999996,144.96666299999998,2020-01-15,11:32:18,0,0,Car,"[('cocktails', 2), ('crispy corn', 2), ('pizza', 3), ('chicken biryani', 3)]",0,153.26,1044.0,3,,2.6745
ORD045941,REST1572,CUST13546,COUR2971,-37.8059919,144.97348169999998,2020-10-13,09:49:27,0,0,Bike,"[('mocktails', 1), ('cocktails', 2)]",20,24.816,1865.0,9,,3.6695
ORD347809,REST2155,CUST01024,COUR3203,-37.8040739,144.9175502,2020-12-05,01:11:12,0,1,Bike,"[('kulfi', 3), ('biryani', 1), ('sweet lassi', 2)]",0,37.23,7930.0,40,,7.5117
ORD088426,REST2155,CUST05013,COUR0745,-37.8094472,144.9725884,2020-12-25,17:00:39,0,0,Car,"[('butter kulcha', 3), ('cheese naan', 1), ('palak paneer', 2), ('sweet lassi', 3)]",0,112.78,,7,,
ORD324271,REST2155,CUST12420,COUR3857,-37.8094869,144.9482517,2020-08-18,05:08:34,0,0,Bike,"[('sweet lassi', 2), ('butter kulcha', 1), ('cheese naan', 2)]",0,74.66,5234.0,26,,4.9536
ORD052343,REST1946,CUST12888,COUR0873,-37.805623700000005,144.93317050000002,2020-04-09,21:13:50,0,0,Car,"[('butter naan', 2), ('chicken tenders', 3), ('mutton pepper fry', 3)]",20,108.984,,1,,
ORD052780,REST1137,CUST05144,COUR0577,-37.8244413,144.9526875,2020-04-25,14:42:11,0,1,Motorbike,"[('chicken biryani', 2), ('cocktails', 1)]",0,57.01,3291.0,7,,4.4891
ORD049641,REST2185,CUST03907,COUR4805,-37.8199098,144.9436993,2020-01-12,21:33:37,0,1,Motorbike,"[('jeera rice', 3), ('shahi paneer', 3), ('sweet lassi', 3), ('biryani', 3)]",45,82.352,,3,,
ORD087534,REST1137,CUST09760,COUR3227,-37.817964399999994,144.9460629,2020-02-03,13:58:40,1,0,Car,"[('murgh ghee roast', 1), ('chicken biryani', 2), ('gulab jamun', 1), ('pizza', 2)]",45,39.721,3152.0,8,,4.4298
ORD309480,REST1572,CUST04525,COUR0177,-37.8165191,144.9503159,2020-02-28,20:02:38,0,0,Car,"[('caramel pudding', 1), ('sea food', 2), ('bbq chicken', 1), ('mocktails', 2)]",0,91.77,,5,,
ORD269012,REST1946,CUST10745,COUR1515,-37.813208700000004,144.99037080000002,2020-02-25,15:53:24,0,0,Motorbike,"[('yakhni pulao', 1), ('biryani', 1), ('butter naan', 2), ('mutton pepper fry', 3)]",0,126.75,5284.0,11,,4.2564
ORD166209,REST1572,CUST00146,COUR3414,-37.80206210000001,144.9653646,2020-11-02,09:49:27,0,0,Bike,"[('bbq chicken', 3), ('sea food', 3), ('pizza', 3)]",0,149.31,2035.0,10,,3.6441
ORD250684,REST1137,CUST04001,COUR1774,-37.8243979,144.9446312,2020-04-17,12:59:20,1,0,Bike,"[('cocktails', 1), ('fish', 3)]",0,42.57,3801.0,19,,5.9982
ORD267494,REST1137,CUST07074,COUR1523,-37.8168985,145.0141518,2020-11-14,08:14:30,0,1,Car,"[('momos', 1), ('fish', 3), ('pizza', 2)]",45,21.67,4388.0,11,,4.6514
ORD217427,REST1572,CUST04022,COUR3670,-37.8193867,144.9839013,2020-08-16,01:15:09,0,1,Motorbike,"[('sea food', 3), ('veg starter', 3)]",0,88.41,1860.0,4,,3.9193
ORD102191,REST2155,CUST03096,COUR2689,-37.807717499999995,145.013897,2020-07-29,12:35:36,1,0,Motorbike,"[('cheese naan', 3), ('butter kulcha', 2), ('biryani', 1), ('sweet lassi', 3)]",0,127.01,1213.0,2,,4.4361
ORD261855,REST1137,CUST11899,COUR0342,-37.803216600000006,144.97398,2020-11-08,02:46:09,0,1,Car,"[('mocktails', 3), ('gulab jamun', 1), ('pizza', 3)]",20,46.976,995.0,2,,3.5995
ORD167804,REST2155,CUST02938,COUR0801,-37.80126729999999,144.9748159,2020-06-09,02:34:17,0,0,Car,"[('palak paneer', 3), ('thali', 2)]",40,34.752,,8,,
ORD333215,REST2185,CUST03622,COUR3245,-37.819962700000005,144.9730753,2020-08-23,14:46:09,0,1,Car,"[('rajma', 1), ('biryani', 2), ('protein chapati', 2)]",0,64.4,,4,,
ORD284707,REST1946,CUST08596,COUR2754,-37.8213397,144.96243,2020-06-05,22:17:08,0,0,Motorbike,"[('mutton pepper fry', 1), ('roti', 3)]",0,76.41,,7,,
ORD309034,REST1946,CUST11026,COUR0611,-37.8097804,144.94918669999998,2020-12-17,03:25:42,0,0,Motorbike,"[('biryani', 1), ('paneer malai tikka', 1), ('mutton pepper fry', 1)]",10,54.684,1389.0,3,,3.3105
ORD187810,REST1572,CUST12709,COUR2600,-37.806813299999995,144.94905409999998,2020-02-18,23:56:02,0,0,Motorbike,"[('pizza', 1), ('mocktails', 1)]",10,38.826,2437.0,5,,3.3381
ORD257846,REST2185,CUST02139,COUR2208,-37.8000752,144.9491167,2020-04-19,20:18:27,0,1,Car,"[('rajma', 3), ('shahi paneer', 2)]",45,35.871,2923.0,7,,4.6018
ORD301959,REST1572,CUST10190,COUR2243,-37.8200291,144.968851,2020-12-03,21:57:21,0,0,Car,"[('caramel pudding', 2), ('pizza', 1)]",0,50.48,465.0,1,,2.7164
ORD063430,REST1572,CUST04488,COUR2257,-37.822002000000005,144.96866980000001,2020-07-28,08:26:22,0,0,Motorbike,"[('bbq chicken', 1), ('wedges', 1), ('cocktails', 1), ('veg starter', 2)]",40,46.68,674.0,1,,2.7586
ORD081503,REST1137,CUST09997,COUR0501,-37.8000334,144.9927071,2020-07-08,03:01:58,0,0,Bike,"[('gulab jamun', 2), ('cocktails', 2), ('chicken biryani', 2), ('momos', 1)]",0,136.12,,15,,
ORD122587,REST1572,CUST09657,COUR1057,-37.802133000000005,145.0041449,2020-02-21,11:16:29,0,0,Car,"[('sea food', 2), ('wedges', 2), ('caramel pudding', 3)]",0,101.26,4522.0,11,,3.8737
ORD192519,REST1137,CUST08408,COUR3842,-37.802631899999994,144.9636393,2020-12-13,13:42:51,1,1,Car,"[('crispy corn', 2), ('pizza', 1), ('fish', 1), ('momos', 3)]",20,64.424,1589.0,4,,5.4726
ORD151108,REST1137,CUST00529,COUR0995,-37.8161124,144.9624868,2020-06-14,01:50:46,0,1,Motorbike,"[('chicken kebab', 3), ('chicken biryani', 2), ('crispy corn', 2)]",0,108.57,,3,,
ORD064341,REST2155,CUST07344,COUR3674,-37.8201524,144.968697,2020-10-03,05:20:26,0,1,Car,"[('cheese naan', 3), ('kulfi', 2), ('biryani', 2)]",0,99.16,3975.0,10,,4.739
ORD221501,REST1946,CUST06795,COUR0574,-37.804301099999996,144.9717177,2020-01-27,16:01:19,0,0,Motorbike,"[('chicken tenders', 2), ('biryani', 3), ('mutton pepper fry', 1)]",0,95.14,3723.0,7,,3.8437
ORD153794,REST2185,CUST11123,COUR0752,-37.8095814,144.9460585,2020-05-04,09:13:50,0,0,Motorbike,"[('sweet lassi', 2), ('rajma', 3), ('biryani', 2)]",0,108.64,,4,,
ORD217656,REST1572,CUST03795,COUR2861,-37.8234064,144.93784730000002,2020-05-31,20:58:01,0,1,Car,"[('sea food', 1), ('pizza', 2), ('mocktails', 2)]",0,97.12,2815.0,7,,4.441
ORD302397,REST1946,CUST00876,COUR1033,-37.813680700000006,144.95353640000002,2020-07-16,18:55:23,1,0,Bike,"[('biryani', 3), ('paneer malai tikka', 3), ('chicken tenders', 2), ('yakhni pulao', 3)]",10,185.472,2062.0,10,,5.6912
ORD093406,REST1572,CUST13745,COUR4999,-37.8155682,144.9527158,2020-01-03,18:59:20,1,0,Bike,"[('caramel pudding', 3), ('wedges', 1), ('bbq chicken', 1)]",0,76.4,1589.0,8,,4.9657
ORD171082,REST1572,CUST11573,COUR3748,-37.8089317,144.9489188,2020-05-18,21:57:21,0,0,Bike,"[('sea food', 3), ('caramel pudding', 2)]",0,60.04,2489.0,12,,4.2675
ORD132840,REST1137,CUST08933,COUR4590,-37.799636799999995,144.9509081,2020-11-19,02:30:19,0,0,Bike,"[('chicken biryani', 1), ('crispy corn', 1), ('fish', 2), ('momos', 2)]",45,37.636,,13,,
ORD305617,REST1572,CUST10704,COUR0935,-37.81507070000001,144.9889123,2020-01-13,20:54:03,0,0,Motorbike,"[('mocktails', 2), ('wedges', 1), ('veg starter', 1)]",0,78.14,2216.0,4,,2.8165
ORD183096,REST1137,CUST13736,COUR4350,-37.81900770000001,144.9543041,2020-11-22,13:19:07,1,1,Car,"[('mocktails', 3), ('chicken kebab', 3), ('cocktails', 1)]",0,79.23,2492.0,6,,5.5678
ORD108184,REST1137,CUST05854,COUR2759,-37.804942700000005,144.97584030000002,2020-01-24,15:33:37,0,0,Bike,"[('fish', 2), ('crispy corn', 1)]",40,19.38,962.0,5,,3.0702
ORD251223,REST1137,CUST00351,COUR0233,-37.82042070000001,144.98500239999998,2020-04-28,09:49:27,0,0,Bike,"[('fish', 3), ('gulab jamun', 3), ('momos', 2)]",0,106.64,2246.0,11,,4.0183
ORD117129,REST1946,CUST02058,COUR3377,-37.804441600000004,144.9508031,2020-05-04,07:19:07,0,0,Bike,"[('chicken tenders', 2), ('butter naan', 3), ('paneer malai tikka', 3), ('biryani', 1)]",0,155.76,,7,,
ORD298769,REST1137,CUST03213,COUR2324,-37.812022799999994,144.9262547,2020-04-26,21:25:42,0,1,Motorbike,"[('crispy corn', 3), ('gulab jamun', 2), ('pizza', 1)]",10,99.297,4921.0,10,,4.7103
ORD279097,REST1137,CUST13058,COUR2006,-37.812083799999996,144.9530679,2020-02-26,08:42:11,0,0,Motorbike,"[('pizza', 2), ('cocktails', 1), ('mocktails', 1), ('murgh ghee roast', 2)]",0,51.92,2194.0,4,,3.0849
ORD266684,REST1137,CUST02143,COUR1842,-37.804832299999994,144.9502409,2020-12-31,02:22:25,0,0,Motorbike,"[('gulab jamun', 3), ('murgh ghee roast', 3), ('chicken biryani', 1)]",10,90.927,2404.0,5,,2.8375
ORD113198,REST1946,CUST05652,COUR3777,-37.813616100000004,144.9371999,2020-04-27,14:30:19,0,0,Bike,"[('chicken tenders', 2), ('roti', 1), ('butter naan', 2), ('yakhni pulao', 3)]",0,134.01,1056.0,5,,3.7975
ORD036190,REST2185,CUST06909,COUR1626,-37.8059572,144.9560611,2020-08-31,02:02:38,0,0,Bike,"[('shahi paneer', 1), ('protein chapati', 1)]",0,16.23,,11,,
ORD078308,REST2155,CUST00081,COUR2258,-37.82333870000001,145.01440580000002,2020-11-09,00:00:00,0,0,Bike,"[('sweet lassi', 2), ('thali', 2)]",0,31.32,2173.0,11,,4.0239
ORD348137,REST2185,CUST07501,COUR2458,-37.8152208,144.9450228,2020-07-04,09:09:53,0,1,Bike,"[('shahi paneer', 3), ('custard', 2), ('sweet lassi', 2), ('rajma', 2)]",0,135.85,,8,,
ORD233873,REST2185,CUST01927,COUR2259,-37.8230736,144.976676,2020-01-20,19:15:09,1,0,Motorbike,"[('protein chapati', 2), ('shahi paneer', 2)]",0,32.46,2053.0,4,,4.8033
ORD121350,REST1137,CUST11403,COUR1918,-37.8179473,144.9668383,2020-04-30,12:00:00,1,0,Motorbike,"[('chicken kebab', 2), ('cocktails', 3), ('fish', 2), ('pizza', 3)]",10,111.636,1711.0,3,,4.4912
ORD290566,REST1946,CUST10018,COUR3705,-37.8104777,145.0032768,2020-02-25,16:56:42,0,0,Car,"[('biryani', 1), ('chicken tenders', 2), ('butter naan', 3)]",45,45.738,,15,,
ORD139741,REST1572,CUST13686,COUR2799,-37.818695299999995,144.95532980000002,2020-06-01,23:00:39,0,0,Motorbike,"[('mocktails', 2), ('caramel pudding', 2), ('cocktails', 1)]",0,73.3,,2,,
ORD132125,REST1946,CUST05690,COUR0274,-37.813833200000005,144.9376909,2020-06-02,01:19:07,0,0,Car,"[('yakhni pulao', 3), ('butter naan', 3), ('chicken tenders', 1)]",0,114.2,1126.0,3,,3.3495
ORD186975,REST2155,CUST01838,COUR2317,-37.8212383,145.011546,2020-04-19,10:21:05,0,1,Bike,"[('butter kulcha', 3), ('palak paneer', 1), ('cheese naan', 2)]",0,108.5,1902.0,10,,4.6521
ORD169219,REST1572,CUST04536,COUR1470,-37.816920399999994,144.9510756,2020-03-18,04:25:03,0,0,Car,"[('mocktails', 1), ('bbq chicken', 3), ('veg starter', 2)]",0,105.35,1847.0,4,,2.8653
ORD084924,REST2155,CUST12367,COUR4813,-37.8054923,144.9436642,2020-01-28,18:43:30,1,0,Car,"[('butter kulcha', 2), ('cheese naan', 3), ('thali', 1), ('kulfi', 3)]",0,134.08,,13,,
ORD150055,REST1137,CUST06503,COUR4311,-37.825129,144.98281540000002,2020-07-12,09:25:42,0,1,Motorbike,"[('mocktails', 1), ('momos', 2)]",0,26.07,2709.0,5,,4.1455
ORD329948,REST1137,CUST08259,COUR2696,-37.8207499,144.95744380000002,2020-05-23,21:25:42,0,1,Motorbike,"[('mocktails', 3), ('murgh ghee roast', 3), ('cocktails', 2)]",10,74.979,2652.0,5,,3.9974
ORD298396,REST2155,CUST13086,COUR3745,-37.800561,144.97013930000003,2020-07-12,17:32:18,0,1,Car,"[('sweet lassi', 3), ('butter kulcha', 2), ('palak paneer', 1)]",10,54.306,,9,,
ORD264178,REST1946,CUST05042,COUR0295,-37.809641,144.9725742,2020-07-16,10:48:47,0,0,Motorbike,"[('butter naan', 2), ('mutton pepper fry', 3), ('paneer malai tikka', 2), ('biryani', 1)]",0,155.04,,7,,
ORD338338,REST1946,CUST09457,COUR3874,-37.7990439,144.97833459999998,2020-08-27,14:14:30,0,0,Bike,"[('biryani', 3), ('paneer malai tikka', 2)]",0,92.11,4489.0,22,,5.4883
ORD048334,REST1137,CUST06603,COUR0611,-37.825150799999996,144.9825709,2020-10-20,00:55:23,0,0,Motorbike,"[('momos', 3), ('chicken biryani', 3)]",0,79.11,2605.0,5,,3.1294
ORD280833,REST1572,CUST00174,COUR2767,-37.8002885,144.9975638,2020-05-29,19:38:54,1,0,Car,"[('pizza', 3), ('wedges', 1), ('mocktails', 1), ('veg starter', 3)]",45,90.255,4157.0,10,,5.5327
ORD039212,REST1137,CUST02880,COUR2827,-37.8192255,144.98804730000003,2020-02-08,21:33:37,0,1,Car,"[('momos', 2), ('chicken biryani', 1), ('crispy corn', 1), ('murgh ghee roast', 1)]",0,61.27,2259.0,5,,4.1267
ORD240641,REST1137,CUST12204,COUR2056,-37.8044794,144.9732073,2020-10-11,20:34:17,0,1,Bike,"[('chicken kebab', 1), ('murgh ghee roast', 3), ('crispy corn', 1)]",45,26.285,,4,,
ORD069731,REST1946,CUST08293,COUR2534,-37.821143400000004,144.9548976,2020-08-05,21:37:34,0,0,Bike,"[('yakhni pulao', 3), ('butter naan', 3), ('paneer malai tikka', 2), ('roti', 3)]",0,202.3,2527.0,13,,4.4431
ORD198491,REST1137,CUST10959,COUR2465,-37.8083019,144.947647,2020-06-03,23:24:23,0,0,Bike,"[('murgh ghee roast', 1), ('chicken kebab', 3)]",10,37.035,2791.0,14,,3.969
ORD159433,REST1572,CUST03261,COUR3474,-37.798919700000006,144.9839018,2020-05-31,06:59:20,0,1,Bike,"[('veg starter', 1), ('wedges', 1), ('sea food', 1), ('mocktails', 1)]",0,68.8,,16,,
ORD250235,REST2185,CUST09699,COUR0737,-37.807382399999995,145.0077081,2020-09-06,10:56:42,0,1,Motorbike,"[('shahi paneer', 1), ('protein chapati', 2), ('rajma', 3)]",0,65.91,,11,,
ORD051372,REST1572,CUST13667,COUR1514,-37.8179018,144.95785680000003,2020-05-31,15:49:27,0,1,Car,"[('mocktails', 1), ('veg starter', 3), ('pizza', 1)]",10,89.127,,2,,
ORD257764,REST1946,CUST04449,COUR0684,-37.822183100000004,144.93278869999997,2020-03-05,18:31:38,1,0,Motorbike,"[('yakhni pulao', 3), ('roti', 1), ('biryani', 2), ('chicken tenders', 3)]",0,151.77,3095.0,6,,5.5362
ORD160582,REST2185,CUST05989,COUR0809,-37.8137954,144.9718227,2020-09-26,13:03:17,1,1,Car,"[('protein chapati', 1), ('biryani', 1)]",45,13.673,2076.0,5,,5.6151
ORD036022,REST2155,CUST04916,COUR4490,-37.8055262,144.98498899999998,2020-04-29,20:46:09,0,0,Motorbike,"[('cheese naan', 1), ('palak paneer', 1), ('thali', 2), ('butter kulcha', 1)]",0,73.16,2264.0,5,,3.1672
ORD037133,REST2155,CUST11386,COUR2106,-37.8080982,144.9767184,2020-06-08,19:07:15,1,0,Car,"[('palak paneer', 3), ('cheese naan', 2), ('kulfi', 3), ('thali', 1)]",45,63.371,2512.0,6,,4.9887
ORD239764,REST2185,CUST13175,COUR1362,-37.808742200000005,144.9422614,2020-12-05,21:25:42,0,1,Motorbike,"[('custard', 2), ('shahi paneer', 3), ('rajma', 3), ('jeera rice', 3)]",0,145.43,2185.0,4,,4.3497
ORD180476,REST1572,CUST05419,COUR1083,-37.818639000000005,144.9678869,2020-04-29,12:47:28,1,0,Motorbike,"[('wedges', 3), ('cocktails', 3), ('veg starter', 3)]",0,129.6,,1,,
ORD336817,REST1137,CUST06597,COUR1844,-37.825837799999995,144.9829349,2020-01-21,12:15:49,1,0,Bike,"[('mocktails', 1), ('crispy corn', 1), ('cocktails', 3)]",40,58.62,,13,,
ORD040079,REST2185,CUST08886,COUR1756,-37.8144849,144.9999191,2020-01-12,02:14:30,0,1,Car,"[('sweet lassi', 2), ('biryani', 1)]",40,27.228,4507.0,11,,4.9761
ORD257211,REST2185,CUST13923,COUR4113,-37.8116388,144.96463310000001,2020-12-05,11:32:18,0,1,Bike,"[('biryani', 2), ('custard', 2)]",0,87.0,,10,,
ORD102762,REST1946,CUST00974,COUR0461,-37.811156,144.96408069999998,2020-01-11,23:08:34,0,1,Car,"[('mutton pepper fry', 3), ('biryani', 2), ('yakhni pulao', 2)]",0,135.33,2965.0,7,,5.1425
ORD083357,REST1572,CUST07126,COUR0867,-37.8119347,145.0134889,2020-11-11,03:13:50,0,0,Motorbike,"[('veg starter', 3), ('caramel pudding', 3)]",20,77.736,4641.0,9,,3.3849
ORD099561,REST1946,CUST05433,COUR2316,-37.813987899999994,144.9645471,2020-04-18,13:34:56,1,1,Motorbike,"[('biryani', 2), ('mutton pepper fry', 1), ('paneer malai tikka', 1)]",20,60.264,,6,,
ORD045569,REST1137,CUST04226,COUR4843,-37.817415999999994,144.9877522,2020-09-06,15:13:50,0,1,Bike,"[('chicken biryani', 3), ('murgh ghee roast', 3)]",0,65.91,2163.0,11,,4.3718
ORD045490,REST1137,CUST10905,COUR1701,-37.8068821,144.94913069999998,2020-05-22,13:34:56,1,0,Bike,"[('gulab jamun', 3), ('mocktails', 1), ('crispy corn', 3)]",10,120.807,2537.0,13,,5.4917
ORD112780,REST2155,CUST11820,COUR2479,-37.819864700000004,144.9525642,2020-03-15,14:46:09,0,1,Motorbike,"[('palak paneer', 1), ('kulfi', 2), ('thali', 2), ('sweet lassi', 3)]",0,62.1,5139.0,10,,4.7285
ORD197234,REST1572,CUST10000,COUR1352,-37.8001569,144.9871887,2020-11-22,08:50:06,0,1,Motorbike,"[('veg starter', 1), ('caramel pudding', 3)]",0,59.91,3263.0,7,,3.889
ORD134462,REST1946,CUST00312,COUR0989,-37.799925200000004,144.95364740000002,2020-07-17,00:00:00,0,0,Car,"[('biryani', 2), ('mutton pepper fry', 2)]",45,40.216,,5,,
ORD129060,REST1946,CUST04252,COUR2253,-37.8246414,144.9885739,2020-06-17,19:23:04,1,0,Motorbike,"[('butter naan', 1), ('yakhni pulao', 2), ('paneer malai tikka', 2)]",10,91.503,5750.0,12,,6.1684
ORD080087,REST2155,CUST03641,COUR0559,-37.8040667,144.9668552,2020-05-30,23:32:18,0,1,Bike,"[('cheese naan', 3), ('biryani', 1), ('kulfi', 2)]",0,92.15,,19,,
ORD241024,REST2185,CUST07973,COUR0609,-37.813249600000006,144.9737466,2020-05-25,23:20:26,0,0,Bike,"[('jeera rice', 1), ('shahi paneer', 2), ('custard', 1)]",10,47.232,2211.0,11,,3.6724
ORD041296,REST2185,CUST12378,COUR3093,-37.806294799999996,144.94427340000001,2020-09-09,13:11:12,1,0,Bike,"[('rajma', 3), ('biryani', 2), ('sweet lassi', 1), ('protein chapati', 2)]",0,106.84,2337.0,12,,5.2272
ORD029560,REST1137,CUST08302,COUR1738,-37.8209609,144.95512649999998,2020-04-04,02:22:25,0,1,Motorbike,"[('cocktails', 1), ('chicken biryani', 1), ('murgh ghee roast', 1)]",0,45.76,2722.0,5,,4.0224
ORD289673,REST2155,CUST00615,COUR3553,-37.8142786,144.95550480000003,2020-10-03,13:15:09,1,1,Motorbike,"[('butter kulcha', 3), ('cheese naan', 2), ('sweet lassi', 1)]",0,101.4,4599.0,9,,5.9602
ORD215910,REST1137,CUST00987,COUR1219,-37.813643400000004,144.96760559999998,2020-08-17,05:12:31,0,0,Car,"[('fish', 2), ('chicken biryani', 1), ('gulab jamun', 3), ('chicken kebab', 1)]",0,109.4,,3,,
ORD044309,REST2155,CUST09231,COUR3943,-37.7996234,144.9354344,2020-12-09,02:30:19,0,0,Car,"[('cheese naan', 3), ('thali', 3), ('kulfi', 1)]",0,109.68,9044.0,22,,4.79
ORD238378,REST1137,CUST08207,COUR2779,-37.8192464,145.005678,2020-08-08,20:42:11,0,1,Car,"[('crispy corn', 3), ('chicken biryani', 1)]",0,75.95,,9,,
ORD315762,REST2155,CUST07856,COUR4508,-37.8164427,144.98395119999998,2020-06-01,12:31:38,1,0,Bike,"[('thali', 3), ('cheese naan', 3)]",40,61.884,2432.0,12,,5.0411
ORD177716,REST1137,CUST13007,COUR0888,-37.8123731,144.95320149999998,2020-02-05,23:40:13,0,0,Car,"[('chicken kebab', 2), ('pizza', 1), ('fish', 2)]",0,41.81,2226.0,5,,2.9772
ORD007386,REST1137,CUST03381,COUR3063,-37.8236871,144.95599199999998,2020-10-21,11:48:07,0,0,Bike,"[('chicken biryani', 3), ('crispy corn', 3), ('cocktails', 2), ('murgh ghee roast', 1)]",40,97.266,2944.0,15,,4.2354
ORD221188,REST1572,CUST11266,COUR0097,-37.814187100000005,144.93404099999998,2020-10-01,21:57:21,0,0,Motorbike,"[('bbq chicken', 2), ('caramel pudding', 1)]",10,41.13,4018.0,8,,3.5792
ORD123530,REST1137,CUST13858,COUR1694,-37.818256700000006,144.96481780000002,2020-03-29,06:35:36,0,1,Motorbike,"[('mocktails', 3), ('cocktails', 1), ('fish', 2)]",0,55.96,1837.0,4,,3.9981
ORD276360,REST1572,CUST09353,COUR2049,-37.8094696,144.9755764,2020-09-28,05:12:31,0,0,Car,"[('mocktails', 2), ('bbq chicken', 3)]",0,88.27,1484.0,4,,3.0391
ORD106031,REST1137,CUST11104,COUR4688,-37.8082365,144.9473397,2020-09-20,20:50:06,0,1,Bike,"[('crispy corn', 2), ('mocktails', 1)]",0,46.11,,14,,
ORD225020,REST2185,CUST05583,COUR0233,-37.8157841,144.9555109,2020-06-20,04:13:11,0,1,Bike,"[('protein chapati', 3), ('sweet lassi', 1), ('rajma', 2)]",40,35.616,1031.0,5,,4.5003
ORD182809,REST2185,CUST03553,COUR3159,-37.812562,145.00492450000002,2020-02-19,16:40:52,0,0,Car,"[('shahi paneer', 1), ('custard', 2), ('protein chapati', 2)]",45,38.737,4998.0,12,,3.9602
ORD328252,REST1946,CUST11997,COUR2231,-37.8159363,144.99292480000003,2020-04-25,04:17:08,0,1,Bike,"[('roti', 3), ('mutton pepper fry', 1), ('biryani', 1)]",45,50.039,5712.0,29,,6.863
ORD191725,REST1572,CUST06984,COUR1589,-37.804793700000005,144.95335500000002,2020-06-13,09:09:53,0,1,Car,"[('veg starter', 2), ('mocktails', 1), ('sea food', 2)]",10,71.208,2153.0,5,,4.183
ORD128427,REST1946,CUST00454,COUR4838,-37.8127594,144.9428102,2020-04-18,20:10:32,0,1,Bike,"[('yakhni pulao', 2), ('butter naan', 3), ('mutton pepper fry', 3), ('biryani', 1)]",0,159.91,1155.0,6,,4.7459
ORD173263,REST1137,CUST00517,COUR0333,-37.8129674,144.9559964,2020-04-30,14:46:09,0,0,Car,"[('momos', 2), ('pizza', 3)]",0,35.81,1835.0,4,,3.1924
ORD203168,REST1946,CUST00283,COUR2958,-37.7954792,144.936073,2020-06-14,17:00:39,0,1,Bike,"[('mutton pepper fry', 3), ('yakhni pulao', 2), ('chicken tenders', 1)]",40,72.546,1155.0,6,,4.4731
ORD050229,REST1946,CUST07385,COUR3309,-37.822117999999996,144.9693669,2020-10-30,04:52:44,0,0,Bike,"[('mutton pepper fry', 1), ('chicken tenders', 2)]",0,51.43,4093.0,20,,5.4744
ORD167941,REST2185,CUST02648,COUR2416,-37.8091505,144.95610190000002,2020-11-12,08:50:06,0,0,Car,"[('rajma', 2), ('shahi paneer', 3)]",45,33.622,1892.0,5,,3.3912
ORD344324,REST1946,CUST09831,COUR2611,-37.817444099999996,144.96723930000002,2020-09-18,08:10:32,0,0,Motorbike,"[('biryani', 2), ('paneer malai tikka', 1), ('chicken tenders', 2), ('roti', 3)]",0,137.2,,7,,
ORD241142,REST1946,CUST12142,COUR0399,-37.8235406,144.9572523,2020-06-11,01:46:48,0,0,Car,"[('paneer malai tikka', 3), ('biryani', 2), ('roti', 3), ('butter naan', 2)]",40,109.356,3675.0,9,,4.0087
ORD156356,REST1572,CUST01514,COUR1795,-37.817887899999995,144.9706971,2020-08-11,17:44:10,0,0,Motorbike,"[('cocktails', 1), ('mocktails', 2), ('pizza', 3), ('wedges', 2)]",20,122.368,544.0,1,,2.6325
ORD207480,REST1572,CUST09193,COUR4476,-37.811082899999995,144.9588361,2020-12-07,06:47:28,0,0,Car,"[('pizza', 1), ('wedges', 1), ('caramel pudding', 3)]",0,83.39,,3,,
ORD187244,REST1137,CUST12560,COUR4144,-37.817440600000005,144.9526421,2020-10-08,12:07:54,1,0,Motorbike,"[('mocktails', 2), ('crispy corn', 3), ('murgh ghee roast', 1)]",45,42.79,2402.0,5,,4.5822
ORD328365,REST2155,CUST13848,COUR3020,-37.8179935,144.9650369,2020-06-28,01:46:48,0,1,Motorbike,"[('sweet lassi', 2), ('butter kulcha', 3), ('biryani', 2), ('palak paneer', 2)]",0,97.48,,8,,
ORD103676,REST1137,CUST02276,COUR1134,-37.8190237,144.9645972,2020-09-17,01:27:01,0,0,Bike,"[('cocktails', 3), ('chicken biryani', 3), ('mocktails', 2)]",0,134.3,,10,,
ORD118367,REST2155,CUST05847,COUR0845,-37.810614799999996,144.9830645,2020-10-26,16:09:13,0,0,Bike,"[('cheese naan', 3), ('kulfi', 3), ('thali', 1)]",0,102.04,,10,,
ORD163011,REST1137,CUST00133,COUR2181,-37.804517700000005,144.9713513,2020-09-30,12:15:49,1,0,Car,"[('crispy corn', 3), ('momos', 2), ('murgh ghee roast', 1), ('cocktails', 2)]",0,131.8,1090.0,3,,4.2305
ORD221155,REST2155,CUST10240,COUR1228,-37.8142456,144.9744632,2020-11-24,08:54:03,0,0,Car,"[('biryani', 1), ('palak paneer', 1), ('kulfi', 3), ('butter kulcha', 1)]",40,33.03,3021.0,7,,3.6914
ORD251995,REST1946,CUST11403,COUR3843,-37.8179473,144.9668383,2020-08-05,10:40:52,0,0,Bike,"[('chicken tenders', 3), ('roti', 3)]",45,54.219,3528.0,18,,5.0928
ORD154521,REST2185,CUST10700,COUR0204,-37.8147169,144.9872762,2020-12-16,22:09:13,0,0,Motorbike,"[('biryani', 3), ('rajma', 1), ('shahi paneer', 3)]",40,62.466,3373.0,7,,3.673
ORD027176,REST1946,CUST05677,COUR0885,-37.8133329,144.93752769999998,2020-06-11,16:44:50,0,0,Bike,"[('butter naan', 3), ('biryani', 2), ('paneer malai tikka', 2)]",0,116.69,1115.0,6,,4.053
ORD258870,REST2185,CUST05131,COUR2692,-37.822894399999996,144.9556604,2020-01-07,05:16:29,0,0,Motorbike,"[('protein chapati', 2), ('jeera rice', 3), ('sweet lassi', 1)]",10,40.878,118.0,0,,3.3355
ORD310318,REST1946,CUST08438,COUR2323,-37.8027273,144.9636882,2020-01-11,15:33:37,0,1,Bike,"[('chicken tenders', 2), ('roti', 2), ('butter naan', 1)]",20,63.016,2892.0,14,,5.7303
ORD160814,REST1137,CUST10931,COUR3525,-37.803129299999995,144.9665929,2020-11-28,17:08:34,0,1,Motorbike,"[('chicken kebab', 1), ('momos', 2), ('cocktails', 3), ('gulab jamun', 2)]",10,133.542,,3,,
ORD221792,REST2155,CUST06233,COUR0288,-37.8156799,144.93828269999997,2020-04-10,02:54:03,0,0,Car,"[('palak paneer', 2), ('biryani', 1), ('cheese naan', 3), ('kulfi', 1)]",45,60.726,6249.0,15,,4.4296
ORD314521,REST1137,CUST11025,COUR3587,-37.809872999999996,144.94906619999998,2020-08-24,02:14:30,0,0,Bike,"[('momos', 3), ('cocktails', 2)]",40,46.116,2612.0,13,,3.6528
ORD335753,REST1572,CUST12708,COUR3477,-37.803603,144.9499768,2020-07-15,04:32:58,0,0,Motorbike,"[('bbq chicken', 1), ('pizza', 2), ('caramel pudding', 2)]",0,89.41,2581.0,5,,3.1358
ORD175238,REST1572,CUST04638,COUR4143,-37.8028551,144.9363858,2020-01-31,23:32:18,0,0,Motorbike,"[('cocktails', 3), ('pizza', 1), ('veg starter', 2)]",0,76.48,3723.0,7,,3.5059
ORD042371,REST1137,CUST03627,COUR2330,-37.8200266,144.97068069999997,2020-12-16,04:17:08,0,0,Motorbike,"[('cocktails', 1), ('momos', 2), ('chicken biryani', 3)]",0,93.14,2031.0,4,,2.9227
ORD235307,REST2155,CUST13555,COUR0963,-37.8013732,144.9743139,2020-12-22,06:19:46,0,0,Car,"[('thali', 3), ('palak paneer', 3), ('butter kulcha', 1)]",0,84.3,,8,,
ORD200570,REST1946,CUST00309,COUR0146,-37.799722499999994,144.9526858,2020-03-31,12:03:57,1,0,Bike,"[('butter naan', 3), ('chicken tenders', 3)]",45,45.82,2023.0,10,,5.4823
ORD337963,REST1946,CUST08297,COUR1343,-37.821115,144.9548862,2020-05-04,11:16:29,0,0,Motorbike,"[('mutton pepper fry', 2), ('yakhni pulao', 1), ('biryani', 1)]",10,70.794,2523.0,5,,3.8968
ORD196843,REST1137,CUST07241,COUR3752,-37.8210696,144.947463,2020-05-25,21:05:56,0,0,Car,"[('fish', 1), ('chicken biryani', 1), ('murgh ghee roast', 2)]",0,33.59,3149.0,8,,3.2603
ORD288251,REST1946,CUST07639,COUR1836,-37.813313,144.939603,2020-12-12,04:56:42,0,1,Car,"[('chicken tenders', 2), ('butter naan', 2), ('paneer malai tikka', 2), ('mutton pepper fry', 3)]",45,93.45,1259.0,3,,4.325
ORD312225,REST2185,CUST01699,COUR2115,-37.8233445,145.00601630000003,2020-08-07,08:42:11,0,0,Car,"[('biryani', 3), ('sweet lassi', 3)]",0,96.9,,12,,
ORD253786,REST1137,CUST07000,COUR0682,-37.808331700000004,144.9547551,2020-04-02,16:17:08,0,0,Bike,"[('pizza', 3), ('crispy corn', 1)]",40,21.642,2057.0,10,,3.4516
ORD176445,REST1946,CUST03688,COUR4190,-37.800418799999996,145.01007909999998,2020-02-19,02:02:38,0,0,Motorbike,"[('butter naan', 1), ('roti', 3), ('yakhni pulao', 1), ('chicken tenders', 3)]",10,118.566,,15,,
ORD205914,REST2155,CUST04906,COUR0390,-37.8127348,144.97718490000003,2020-06-12,17:48:07,0,0,Motorbike,"[('kulfi', 2), ('butter kulcha', 2)]",40,27.072,,6,,
ORD260848,REST1137,CUST07722,COUR4791,-37.8003456,144.9556534,2020-12-08,23:44:10,0,0,Bike,"[('fish', 1), ('murgh ghee roast', 3), ('pizza', 3)]",0,38.63,2282.0,11,,3.1683
ORD146596,REST1946,CUST05636,COUR3590,-37.8127253,144.9383965,2020-03-31,17:04:36,0,0,Motorbike,"[('roti', 2), ('butter naan', 1)]",10,44.397,,2,,
ORD056764,REST2155,CUST06338,COUR1717,-37.806982,144.95899740000002,2020-05-01,02:58:01,0,0,Motorbike,"[('palak paneer', 2), ('sweet lassi', 2), ('butter kulcha', 2)]",0,67.44,4131.0,8,,3.3113
ORD159305,REST2155,CUST00627,COUR4664,-37.7995589,144.92652919999998,2020-02-01,17:48:07,0,1,Bike,"[('cheese naan', 2), ('sweet lassi', 1), ('biryani', 1), ('thali', 1)]",0,70.71,7284.0,36,,7.0241
ORD169656,REST1137,CUST07622,COUR1734,-37.813603,144.9401868,2020-07-09,01:03:17,0,0,Motorbike,"[('mocktails', 1), ('pizza', 3)]",0,22.84,3460.0,7,,3.1844
ORD080504,REST2185,CUST13843,COUR4488,-37.8162701,144.9642341,2020-09-28,11:00:39,0,0,Car,"[('sweet lassi', 3), ('custard', 2)]",0,87.8,1325.0,3,,2.9525
ORD293707,REST2185,CUST07581,COUR0271,-37.8180298,144.9495506,2020-05-07,22:25:03,0,0,Bike,"[('sweet lassi', 3), ('biryani', 2)]",40,46.608,,5,,
ORD188719,REST1572,CUST07991,COUR1599,-37.8193333,145.0065084,2020-10-25,06:39:33,0,1,Motorbike,"[('bbq chicken', 1), ('cocktails', 3), ('mocktails', 3)]",0,92.77,,7,,
ORD332852,REST2155,CUST11908,COUR2975,-37.8015939,144.977902,2020-11-07,02:34:17,0,1,Bike,"[('butter kulcha', 3), ('palak paneer', 2), ('biryani', 1), ('thali', 1)]",0,90.23,3158.0,16,,5.1549
ORD336157,REST1137,CUST08559,COUR3929,-37.8152223,144.9448829,2020-01-02,11:40:13,0,0,Car,"[('mocktails', 3), ('chicken biryani', 1), ('pizza', 1)]",0,41.69,2937.0,7,,3.0357
ORD329310,REST2185,CUST06849,COUR4650,-37.8060776,144.9583012,2020-01-03,04:32:58,0,0,Bike,"[('biryani', 1), ('rajma', 2)]",0,48.58,2371.0,12,,3.9102
ORD247807,REST1572,CUST02538,COUR2749,-37.8017625,145.00533240000001,2020-11-07,07:30:59,0,1,Car,"[('mocktails', 2), ('wedges', 3), ('veg starter', 3), ('caramel pudding', 1)]",10,150.714,,11,,
ORD176329,REST1946,CUST01317,COUR3636,-37.8109075,144.9888918,2020-01-13,04:52:44,0,0,Bike,"[('yakhni pulao', 3), ('paneer malai tikka', 3), ('mutton pepper fry', 3)]",0,198.9,4902.0,25,,5.7141
ORD053957,REST1137,CUST03650,COUR4294,-37.79898970000001,144.96679709999998,2020-11-06,14:10:32,0,0,Car,"[('chicken biryani', 2), ('crispy corn', 3), ('mocktails', 2), ('momos', 2)]",0,125.18,,4,,
ORD272699,REST2185,CUST06286,COUR0084,-37.8072938,144.9564787,2020-11-21,08:14:30,0,1,Bike,"[('jeera rice', 1), ('shahi paneer', 2), ('protein chapati', 1), ('biryani', 3)]",40,54.9,2185.0,11,,4.7869
ORD035229,REST1137,CUST12875,COUR3542,-37.8159035,144.9215437,2020-11-17,14:02:38,0,0,Motorbike,"[('mocktails', 2), ('pizza', 1)]",10,16.677,5534.0,11,,3.8001
ORD156720,REST2155,CUST13460,COUR4166,-37.801733399999996,144.94168259999998,2020-02-29,21:21:45,0,1,Motorbike,"[('butter kulcha', 2), ('palak paneer', 1), ('kulfi', 2)]",0,57.52,5783.0,12,,4.5707
ORD061208,REST1572,CUST07830,COUR4041,-37.817085,144.9850821,2020-05-27,01:42:51,0,0,Car,"[('veg starter', 3), ('pizza', 3), ('caramel pudding', 1)]",40,83.118,1774.0,4,,2.9988
ORD340269,REST2155,CUST06392,COUR0287,-37.8164251,144.94587109999998,2020-10-24,21:01:58,0,1,Motorbike,"[('butter kulcha', 2), ('cheese naan', 1), ('biryani', 3), ('kulfi', 2)]",0,90.17,,11,,
ORD232016,REST1137,CUST04468,COUR2720,-37.8213016,144.9575809,2020-02-29,14:54:03,0,1,Motorbike,"[('mocktails', 2), ('chicken kebab', 3), ('momos', 1), ('pizza', 1)]",0,64.08,2629.0,5,,3.8796
ORD212569,REST2155,CUST13064,COUR2000,-38.1109156,144.65417250000002,2020-10-08,20:46:09,0,0,Car,"[('butter kulcha', 1), ('biryani', 1)]",10,20.727,47323.0,114,,13.7042
ORD114536,REST2185,CUST09341,COUR1731,-37.808480100000004,144.9758147,2020-03-16,18:47:28,1,0,Car,"[('protein chapati', 3), ('sweet lassi', 3), ('biryani', 2), ('custard', 2)]",0,143.16,2778.0,7,,5.0377
ORD013637,REST1572,CUST12622,COUR0569,-37.803285200000005,144.9491709,2020-05-20,02:18:27,0,0,Bike,"[('veg starter', 3), ('bbq chicken', 2), ('wedges', 2), ('mocktails', 3)]",10,168.003,2670.0,13,,4.041
ORD317930,REST1572,CUST04046,COUR1389,-37.8192935,144.9820908,2020-03-22,06:19:46,0,1,Bike,"[('veg starter', 3), ('sea food', 1), ('caramel pudding', 3), ('mocktails', 3)]",20,134.84,1567.0,8,,4.465
ORD223505,REST1572,CUST03239,COUR0669,-37.8009865,144.9879762,2020-12-21,00:00:00,0,0,Motorbike,"[('wedges', 3), ('veg starter', 3)]",10,102.006,3269.0,7,,3.6784
ORD096922,REST2155,CUST12496,COUR1562,-37.818906,144.9533111,2020-04-04,16:25:03,0,1,Motorbike,"[('thali', 3), ('kulfi', 2), ('palak paneer', 3)]",10,73.224,5083.0,10,,4.5365
ORD023769,REST2185,CUST05668,COUR1533,-37.8123062,144.9375217,2020-09-24,02:06:35,0,0,Bike,"[('shahi paneer', 2), ('sweet lassi', 2), ('biryani', 3), ('custard', 2)]",20,122.848,2828.0,14,,4.1388
ORD316523,REST2185,CUST07355,COUR1601,-37.8234235,144.970257,2020-08-14,09:21:45,0,0,Motorbike,"[('custard', 1), ('protein chapati', 1), ('sweet lassi', 2)]",45,30.844,,3,,
ORD276744,REST2155,CUST10919,COUR1816,-37.8005161,144.9723404,2020-01-16,03:57:21,0,0,Bike,"[('thali', 1), ('biryani', 2), ('kulfi', 1), ('butter kulcha', 2)]",0,62.96,3666.0,18,,4.2722
ORD337848,REST1572,CUST12229,COUR4193,-37.8025592,144.9456,2020-09-02,12:23:44,1,0,Car,"[('sea food', 3), ('pizza', 1), ('mocktails', 1)]",0,75.66,2926.0,7,,4.7899
ORD288789,REST1572,CUST03569,COUR1078,-37.8034599,144.9541489,2020-07-14,16:44:50,0,0,Motorbike,"[('pizza', 1), ('caramel pudding', 3)]",0,64.24,,4,,
ORD312574,REST1572,CUST11088,COUR3215,-37.808659000000006,144.9493715,2020-02-06,19:58:40,1,0,Motorbike,"[('veg starter', 2), ('sea food', 3), ('pizza', 1)]",40,55.644,,5,,
ORD299085,REST1137,CUST01351,COUR3819,-37.8201013,144.9696927,2020-04-08,10:36:55,0,0,Motorbike,"[('fish', 2), ('chicken biryani', 2)]",40,27.444,,4,,
ORD018444,REST2155,CUST06638,COUR1522,-37.8237935,144.98268240000002,2020-10-30,19:30:59,1,0,Motorbike,"[('sweet lassi', 2), ('biryani', 2), ('palak paneer', 2), ('cheese naan', 3)]",20,97.184,3107.0,6,,4.5546
ORD061477,REST1946,CUST09420,COUR2316,-37.809415200000004,144.9637725,2020-04-17,14:06:35,0,0,Motorbike,"[('paneer malai tikka', 3), ('roti', 3), ('chicken tenders', 2)]",10,140.814,2745.0,5,,3.7633
ORD125418,REST2185,CUST05945,COUR3968,-37.8204732,144.96631169999998,2020-11-04,10:29:00,0,0,Motorbike,"[('protein chapati', 2), ('biryani', 3), ('sweet lassi', 3), ('rajma', 1)]",0,122.86,,2,,
ORD147353,REST1572,CUST06155,COUR2692,-37.8073688,144.9559065,2020-11-07,20:10:32,0,1,Motorbike,"[('caramel pudding', 2), ('cocktails', 1), ('pizza', 2), ('mocktails', 1)]",40,59.424,,4,,
ORD098611,REST2185,CUST04503,COUR2023,-37.8224552,144.9681448,2020-02-28,19:11:12,1,0,Car,"[('jeera rice', 2), ('protein chapati', 2)]",0,25.32,1311.0,3,,4.3724
ORD062091,REST1946,CUST13699,COUR2872,-37.8191349,144.95435559999999,2020-04-08,22:56:42,0,0,Bike,"[('mutton pepper fry', 3), ('roti', 2)]",0,102.25,,12,,
ORD162524,REST2155,CUST11630,COUR2402,-37.8265352,144.95552080000002,2020-06-12,17:08:34,0,0,Bike,"[('palak paneer', 2), ('biryani', 2), ('butter kulcha', 3)]",0,86.88,5260.0,26,,5.1999
ORD045651,REST2185,CUST03982,COUR0382,-37.8241345,144.943471,2020-01-08,13:19:07,1,0,Motorbike,"[('biryani', 2), ('jeera rice', 1), ('shahi paneer', 1), ('protein chapati', 3)]",40,43.782,1233.0,2,,4.3184
ORD135055,REST2185,CUST05839,COUR1216,-37.813632299999995,144.9749776,2020-05-14,11:40:13,0,0,Motorbike,"[('sweet lassi', 2), ('shahi paneer', 2)]",40,28.404,2215.0,4,,3.2904
ORD019604,REST1572,CUST01327,COUR3658,-37.821596,144.9307061,2020-11-19,01:15:09,0,0,Motorbike,"[('mocktails', 3), ('sea food', 3)]",20,74.448,3468.0,7,,3.0526
ORD131792,REST2155,CUST13104,COUR0381,-37.8057681,144.93335359999998,2020-12-05,14:22:25,0,1,Motorbike,"[('sweet lassi', 1), ('kulfi', 3), ('cheese naan', 1)]",40,29.364,7150.0,14,,5.0196
ORD006407,REST1572,CUST01038,COUR3360,-37.808022799999996,144.93377990000002,2020-08-25,10:36:55,0,0,Car,"[('caramel pudding', 1), ('cocktails', 3)]",0,30.02,3576.0,9,,3.3114
ORD083894,REST2185,CUST11439,COUR3998,-37.8039953,144.936298,2020-11-12,13:19:07,1,0,Motorbike,"[('biryani', 2), ('shahi paneer', 2)]",0,59.62,,6,,
ORD211547,REST1572,CUST11809,COUR0223,-37.7989908,144.9542247,2020-10-13,03:13:50,0,0,Car,"[('pizza', 2), ('veg starter', 2), ('sea food', 2), ('cocktails', 1)]",45,60.654,,6,,
ORD326819,REST1946,CUST11010,COUR3559,-37.8034359,144.9627121,2020-11-16,09:49:27,0,0,Car,"[('mutton pepper fry', 1), ('butter naan', 1)]",0,35.04,,7,,
ORD020461,REST1946,CUST00235,COUR1493,-37.813581,144.9468707,2020-04-02,12:03:57,1,0,Car,"[('butter naan', 2), ('yakhni pulao', 1), ('roti', 2)]",0,82.49,1480.0,4,,4.9846
ORD291588,REST2155,CUST05540,COUR0652,-37.8195701,144.95801569999998,2020-02-07,15:25:42,0,0,Motorbike,"[('sweet lassi', 3), ('thali', 2)]",0,36.62,4632.0,9,,3.2815
ORD042285,REST2185,CUST04741,COUR3779,-37.8054759,144.92682549999998,2020-10-22,09:01:58,0,0,Bike,"[('jeera rice', 1), ('shahi paneer', 3), ('biryani', 2), ('protein chapati', 1)]",10,74.583,,18,,
ORD103896,REST1946,CUST06160,COUR4265,-37.8070734,144.9559498,2020-10-12,02:30:19,0,0,Motorbike,"[('yakhni pulao', 3), ('roti', 1)]",0,78.47,1967.0,4,,3.22
ORD211012,REST1572,CUST06277,COUR2545,-37.807226799999995,144.95652040000002,2020-04-02,03:29:40,0,0,Motorbike,"[('caramel pudding', 3), ('veg starter', 1)]",20,47.928,1794.0,4,,2.6741
ORD095158,REST1137,CUST09810,COUR0466,-37.809588500000004,144.9637351,2020-01-15,02:06:35,0,0,Motorbike,"[('crispy corn', 2), ('murgh ghee roast', 3)]",0,55.64,,2,,
ORD146943,REST1572,CUST06773,COUR2016,-37.803343299999995,144.9695607,2020-01-23,16:29:00,0,0,Bike,"[('wedges', 3), ('pizza', 2), ('caramel pudding', 3)]",0,144.65,,10,,
ORD173488,REST2155,CUST01123,COUR3599,-37.803388,145.0075238,2020-10-26,07:15:09,0,0,Motorbike,"[('thali', 2), ('biryani', 2), ('sweet lassi', 2)]",0,45.34,2236.0,4,,2.6554
ORD055946,REST1572,CUST10338,COUR1193,-37.804874,144.9716611,2020-01-08,20:30:19,0,0,Bike,"[('cocktails', 1), ('veg starter', 3)]",0,61.31,2183.0,11,,3.3029
ORD201221,REST2155,CUST09039,COUR0561,-37.8003787,144.954199,2020-12-22,03:41:32,0,0,Car,"[('cheese naan', 1), ('thali', 1), ('biryani', 2), ('butter kulcha', 2)]",40,48.264,4880.0,12,,3.9883
ORD021958,REST1946,CUST07145,COUR0201,-37.8022219,144.9425725,2020-05-19,22:21:05,0,0,Car,"[('paneer malai tikka', 2), ('butter naan', 2), ('mutton pepper fry', 2), ('yakhni pulao', 1)]",0,138.59,875.0,2,,3.7541
ORD210175,REST1946,CUST10441,COUR2182,-37.807309000000004,144.99881069999998,2020-03-03,00:27:41,0,0,Car,"[('roti', 2), ('paneer malai tikka', 2), ('biryani', 3), ('butter naan', 3)]",40,100.524,5798.0,14,,4.9089
ORD322757,REST1572,CUST06305,COUR0447,-37.8064151,144.9560738,2020-04-21,02:26:22,0,0,Bike,"[('wedges', 3), ('sea food', 2), ('mocktails', 2), ('bbq chicken', 1)]",10,121.914,1835.0,9,,3.4606
ORD249950,REST1572,CUST10326,COUR3699,-37.802119399999995,144.9705841,2020-07-16,09:01:58,0,0,Bike,"[('cocktails', 1), ('bbq chicken', 1), ('wedges', 1), ('pizza', 3)]",0,109.42,2236.0,11,,3.8146
ORD329276,REST2185,CUST06166,COUR4741,-37.814795700000005,144.9448989,2020-04-30,14:50:06,0,0,Car,"[('shahi paneer', 3), ('protein chapati', 3), ('jeera rice', 2), ('sweet lassi', 3)]",0,101.97,1718.0,4,,3.4244
ORD253762,REST2155,CUST12684,COUR1514,-37.8034033,144.9498721,2020-04-08,01:27:01,0,0,Car,"[('kulfi', 3), ('cheese naan', 3), ('palak paneer', 3), ('sweet lassi', 3)]",40,86.868,,12,,
ORD249064,REST2155,CUST06927,COUR4763,-37.8057665,144.9550834,2020-06-04,14:02:38,0,0,Motorbike,"[('sweet lassi', 2), ('butter kulcha', 1), ('palak paneer', 3), ('thali', 3)]",40,56.94,,9,,
ORD166840,REST2185,CUST05139,COUR4773,-37.824876200000006,144.9534785,2020-03-09,19:38:54,1,0,Bike,"[('rajma', 2), ('biryani', 3), ('custard', 3), ('protein chapati', 1)]",0,165.5,,5,,
ORD332471,REST2185,CUST10784,COUR0931,-37.8089723,144.96155290000002,2020-07-16,13:58:40,1,0,Car,"[('sweet lassi', 3), ('jeera rice', 2)]",0,53.28,,6,,
ORD345623,REST2185,CUST02228,COUR0539,-37.8155278,144.951093,2020-06-28,00:00:00,0,1,Car,"[('rajma', 1), ('custard', 2), ('shahi paneer', 3)]",45,52.256,,3,,
ORD215947,REST1572,CUST08031,COUR1111,-37.8169167,145.00879730000003,2020-03-15,14:22:25,0,1,Car,"[('bbq chicken', 2), ('mocktails', 2), ('veg starter', 3), ('wedges', 3)]",0,185.64,4063.0,10,,4.4646
ORD189903,REST1137,CUST11711,COUR4617,-37.81436179999999,144.9952645,2020-05-27,07:03:17,0,0,Car,"[('cocktails', 3), ('fish', 3), ('momos', 1)]",0,99.91,2569.0,6,,3.0787
ORD048516,REST2155,CUST08719,COUR2644,-37.807792299999996,144.95450280000003,2020-12-02,10:17:08,0,0,Bike,"[('kulfi', 1), ('palak paneer', 2), ('biryani', 2)]",0,45.36,4635.0,23,,4.8664
ORD249526,REST1572,CUST12728,COUR1688,-37.815083,144.9276048,2020-09-11,13:34:56,1,0,Bike,"[('sea food', 3), ('cocktails', 1), ('wedges', 3)]",40,57.234,4929.0,25,,6.5589
ORD097660,REST2155,CUST07133,COUR2497,-37.8022013,144.94160290000002,2020-04-08,14:54:03,0,0,Bike,"[('palak paneer', 2), ('biryani', 3), ('sweet lassi', 2)]",0,56.43,5739.0,29,,5.2089
ORD203933,REST1572,CUST02375,COUR3011,-37.82233239999999,144.9553418,2020-08-17,05:28:21,0,0,Car,"[('bbq chicken', 1), ('mocktails', 3)]",20,61.208,,3,,
ORD137936,REST1572,CUST01639,COUR1770,-37.8120271,145.0049929,2020-10-14,20:38:14,0,0,Bike,"[('sea food', 2), ('wedges', 1), ('caramel pudding', 3), ('veg starter', 3)]",10,124.2,3796.0,19,,4.2511
ORD271130,REST2185,CUST12995,COUR0796,-37.812357500000005,144.9512448,2020-05-07,02:10:32,0,0,Motorbike,"[('jeera rice', 1), ('sweet lassi', 2)]",0,33.18,1782.0,4,,3.4133
ORD234792,REST1572,CUST09727,COUR3954,-37.8076984,144.9768719,2020-09-12,13:54:43,1,1,Motorbike,"[('cocktails', 2), ('wedges', 3), ('mocktails', 2)]",0,108.65,1754.0,4,,5.5668
ORD058945,REST1572,CUST11186,COUR3052,-37.8068238,144.95014019999996,2020-07-20,16:32:58,0,0,Bike,"[('pizza', 3), ('cocktails', 1), ('veg starter', 1), ('wedges', 2)]",20,104.984,2350.0,12,,3.8528
ORD098387,REST1572,CUST05806,COUR3316,-37.8143041,144.9776345,2020-01-12,13:03:17,1,1,Bike,"[('pizza', 3), ('wedges', 1), ('cocktails', 1), ('mocktails', 2)]",45,73.596,1227.0,6,,5.5505
ORD175514,REST1137,CUST00252,COUR2632,-37.8253886,144.9458735,2020-09-22,01:23:04,0,0,Motorbike,"[('pizza', 1), ('momos', 2), ('mocktails', 3)]",10,40.14,3686.0,7,,3.3896
ORD292646,REST1137,CUST06637,COUR2626,-37.825681599999996,144.98477490000002,2020-03-10,03:01:58,0,0,Bike,"[('fish', 3), ('gulab jamun', 2)]",0,64.34,2758.0,14,,4.0742
ORD145038,REST1946,CUST08309,COUR1658,-37.81202929999999,144.945175,2020-03-10,17:52:05,0,0,Motorbike,"[('mutton pepper fry', 2), ('biryani', 3), ('yakhni pulao', 1)]",40,64.68,1331.0,3,,3.4484
ORD061006,REST1137,CUST07459,COUR1701,-37.80704420000001,144.9630675,2020-01-21,09:25:42,0,0,Bike,"[('cocktails', 3), ('fish', 1), ('murgh ghee roast', 2), ('chicken kebab', 3)]",0,124.14,1441.0,7,,2.9689
ORD142338,REST2155,CUST09159,COUR0286,-37.8164534,144.9556614,2020-01-25,02:26:22,0,1,Motorbike,"[('cheese naan', 3), ('sweet lassi', 2), ('butter kulcha', 3), ('biryani', 1)]",0,137.73,4733.0,9,,4.6869
ORD069590,REST1137,CUST12712,COUR4550,-37.812325799999996,144.9735736,2020-10-24,16:13:11,0,1,Bike,"[('pizza', 3), ('gulab jamun', 2), ('cocktails', 2)]",0,109.43,601.0,3,,3.8543
ORD144678,REST2155,CUST11146,COUR4773,-37.8064293,144.9453257,2020-02-14,17:24:23,0,0,Bike,"[('kulfi', 2), ('butter kulcha', 1), ('palak paneer', 2)]",0,53.9,5424.0,27,,5.1004
ORD151599,REST2155,CUST08261,COUR1651,-37.8207232,144.9574815,2020-03-29,04:05:16,0,1,Bike,"[('cheese naan', 3), ('sweet lassi', 3), ('kulfi', 3)]",0,107.58,4766.0,24,,6.5003
ORD190830,REST2155,CUST13023,COUR4742,-37.812237700000004,144.9535131,2020-03-10,17:04:36,0,0,Bike,"[('cheese naan', 3), ('sweet lassi', 3), ('kulfi', 2), ('palak paneer', 1)]",0,113.44,,24,,
ORD144288,REST1137,CUST00129,COUR0178,-37.816968100000004,144.99016509999998,2020-04-13,06:03:57,0,0,Car,"[('murgh ghee roast', 2), ('cocktails', 1)]",0,34.51,2288.0,5,,3.0703
ORD263916,REST1946,CUST04879,COUR1428,-37.819703999999994,144.9791275,2020-12-29,19:07:15,1,0,Bike,"[('yakhni pulao', 3), ('chicken tenders', 3), ('roti', 1), ('paneer malai tikka', 1)]",0,146.83,4746.0,24,,7.1371
ORD289993,REST2155,CUST03202,COUR4349,-37.809426200000004,144.9288648,2020-10-09,10:36:55,0,0,Motorbike,"[('cheese naan', 2), ('palak paneer', 3), ('butter kulcha', 2), ('sweet lassi', 3)]",40,79.908,7067.0,14,,4.0043
ORD127011,REST2185,CUST01849,COUR4859,-37.8233178,145.0092362,2020-04-23,22:52:44,0,0,Car,"[('custard', 2), ('jeera rice', 1), ('sweet lassi', 3)]",20,75.856,5205.0,12,,3.859
ORD004856,REST1137,CUST09190,COUR4830,-37.8179369,144.95787190000001,2020-11-23,23:40:13,0,0,Motorbike,"[('momos', 3), ('gulab jamun', 3), ('chicken kebab', 1), ('cocktails', 2)]",0,157.13,,4,,
ORD189063,REST2155,CUST00289,COUR0242,-37.8089146,144.93543640000001,2020-05-07,12:55:23,1,0,Motorbike,"[('butter kulcha', 3), ('palak paneer', 3), ('sweet lassi', 2)]",45,52.723,6471.0,13,,5.3006
ORD174617,REST1946,CUST04075,COUR0924,-37.8206739,144.9845866,2020-01-27,04:13:11,0,0,Car,"[('chicken tenders', 3), ('biryani', 1), ('paneer malai tikka', 2), ('butter naan', 3)]",20,117.024,,13,,
ORD316970,REST1572,CUST04363,COUR1163,-37.8230066,144.9876456,2020-10-11,00:55:23,0,1,Motorbike,"[('bbq chicken', 3), ('sea food', 2), ('caramel pudding', 3), ('pizza', 1)]",0,133.83,2227.0,4,,3.8721
ORD263859,REST2185,CUST06998,COUR0290,-37.8082956,144.9548852,2020-10-19,02:58:01,0,0,Car,"[('jeera rice', 3), ('rajma', 1), ('shahi paneer', 1)]",10,41.697,1946.0,5,,3.2324
ORD068216,REST2185,CUST03233,COUR2089,-37.817879100000006,144.9463126,2020-06-15,11:20:26,0,0,Car,"[('jeera rice', 1), ('sweet lassi', 1), ('shahi paneer', 1)]",0,30.69,1378.0,3,,3.1718
ORD191236,REST1946,CUST09871,COUR1584,-37.8220768,144.96965559999998,2020-11-22,02:02:38,0,1,Motorbike,"[('yakhni pulao', 1), ('roti', 2), ('chicken tenders', 2)]",10,77.247,,8,,
ORD268577,REST1572,CUST07297,COUR1093,-37.8196627,144.95202619999998,2020-01-03,17:56:02,0,0,Motorbike,"[('wedges', 3), ('caramel pudding', 3), ('bbq chicken', 2), ('veg starter', 3)]",20,149.248,1434.0,3,,3.2989
ORD110256,REST2185,CUST04131,COUR2774,-37.819338,144.9851526,2020-12-09,13:03:17,1,0,Motorbike,"[('rajma', 3), ('custard', 1), ('shahi paneer', 2), ('jeera rice', 3)]",45,60.808,2804.0,6,,4.8322
ORD286469,REST1572,CUST13654,COUR0054,-37.8156175,144.9657244,2020-02-20,03:57:21,0,0,Motorbike,"[('pizza', 2), ('sea food', 1)]",0,56.76,309.0,1,,2.8489
ORD092835,REST2185,CUST08338,COUR3554,-37.8132269,144.9514562,2020-08-19,22:05:16,0,0,Bike,"[('rajma', 3), ('sweet lassi', 1)]",20,45.696,1240.0,6,,3.5081
ORD003112,REST1137,CUST12768,COUR3966,-37.8163863,144.9671254,2020-09-22,11:16:29,0,0,Bike,"[('chicken kebab', 1), ('chicken biryani', 3)]",0,61.76,1597.0,8,,3.207
ORD345416,REST2155,CUST00905,COUR4097,-37.8279536,144.98649319999998,2020-02-25,08:34:17,0,0,Motorbike,"[('palak paneer', 3), ('cheese naan', 1), ('butter kulcha', 1)]",20,61.792,4189.0,8,,3.6775
ORD286507,REST2155,CUST03028,COUR1725,-37.8243024,144.9694919,2020-03-09,02:34:17,0,0,Bike,"[('sweet lassi', 2), ('biryani', 3)]",20,25.304,4390.0,22,,4.5258
ORD148868,REST2185,CUST00582,COUR3778,-37.8122894,144.94555580000002,2020-07-13,03:49:27,0,0,Motorbike,"[('shahi paneer', 1), ('sweet lassi', 2), ('jeera rice', 2), ('rajma', 2)]",0,80.15,1741.0,3,,2.8303
ORD281811,REST1572,CUST12275,COUR1013,-37.821459999999995,144.96133419999998,2020-03-25,04:52:44,0,0,Motorbike,"[('pizza', 1), ('wedges', 2), ('bbq chicken', 2)]",40,55.92,678.0,1,,2.6541
ORD030500,REST2185,CUST03855,COUR2034,-37.813398600000006,144.98417759999998,2020-12-09,07:15:09,0,0,Bike,"[('custard', 1), ('jeera rice', 2), ('biryani', 2)]",10,69.084,3051.0,15,,4.3264
ORD021567,REST1946,CUST06498,COUR4783,-37.8253674,144.98281409999998,2020-07-25,03:33:37,0,1,Bike,"[('chicken tenders', 2), ('paneer malai tikka', 1), ('butter naan', 3), ('roti', 2)]",0,129.07,,28,,
ORD144118,REST1137,CUST00009,COUR2992,-37.8136472,144.95732009999998,2020-07-12,17:04:36,0,1,Car,"[('cocktails', 3), ('murgh ghee roast', 1), ('momos', 3)]",0,106.01,1668.0,4,,4.146
ORD294737,REST1946,CUST00127,COUR2197,-37.808290299999996,144.97854089999998,2020-08-27,17:20:26,0,0,Bike,"[('paneer malai tikka', 2), ('mutton pepper fry', 1)]",10,63.351,3861.0,19,,5.2374
ORD005226,REST1572,CUST11851,COUR4784,-37.809328799999996,144.9863112,2020-10-26,05:08:34,0,0,Motorbike,"[('caramel pudding', 2), ('pizza', 1), ('bbq chicken', 1), ('cocktails', 2)]",0,77.29,,5,,
ORD115432,REST2185,CUST00236,COUR1297,-37.8256364,144.94821059999998,2020-08-06,13:34:56,1,0,Motorbike,"[('protein chapati', 2), ('sweet lassi', 2), ('jeera rice', 1), ('rajma', 2)]",0,73.82,849.0,2,,4.5084
ORD040402,REST2185,CUST10368,COUR2651,-37.8249474,144.9922858,2020-12-29,03:41:32,0,0,Bike,"[('jeera rice', 2), ('custard', 1), ('shahi paneer', 3)]",20,56.072,,18,,
ORD083097,REST2185,CUST12713,COUR4401,-37.8124011,144.97360780000002,2020-05-11,07:27:01,0,0,Bike,"[('rajma', 3), ('protein chapati', 3), ('custard', 2)]",0,109.52,2315.0,12,,4.2648
ORD334890,REST1946,CUST05784,COUR1212,-37.810275,144.94273940000002,2020-12-09,06:59:20,0,0,Motorbike,"[('biryani', 2), ('yakhni pulao', 3), ('roti', 1), ('chicken tenders', 1)]",0,122.33,,2,,
ORD119431,REST2155,CUST10690,COUR1809,-37.814575399999995,144.98432490000002,2020-10-17,00:27:41,0,1,Car,"[('palak paneer', 2), ('kulfi', 2), ('butter kulcha', 1), ('cheese naan', 1)]",0,77.92,2363.0,6,,4.2768
ORD251360,REST1572,CUST04709,COUR0194,-37.809398,144.97367739999999,2020-09-28,04:21:05,0,0,Bike,"[('bbq chicken', 2), ('pizza', 1)]",40,32.94,1511.0,8,,3.3917
ORD227516,REST1137,CUST04182,COUR3179,-37.8262921,144.98601619999997,2020-12-18,07:38:54,0,0,Bike,"[('cocktails', 2), ('chicken biryani', 1)]",10,57.771,,15,,
ORD183078,REST2155,CUST12837,COUR4619,-37.8001131,144.93530959999998,2020-09-15,09:49:27,0,0,Car,"[('thali', 1), ('butter kulcha', 1)]",40,15.828,,20,,
ORD006124,REST1137,CUST12269,COUR1362,-37.82333010000001,144.9608031,2020-08-09,20:06:35,0,1,Motorbike,"[('mocktails', 1), ('crispy corn', 3), ('murgh ghee roast', 1)]",45,39.188,2602.0,5,,3.5712
ORD271515,REST2155,CUST02023,COUR4899,-37.8026926,144.95072539999998,2020-02-27,03:57:21,0,0,Car,"[('palak paneer', 1), ('cheese naan', 3), ('sweet lassi', 1)]",45,49.368,,12,,
ORD167213,REST2155,CUST12763,COUR1779,-37.8108766,145.01413080000003,2020-12-11,04:29:00,0,0,Car,"[('thali', 2), ('kulfi', 1)]",0,27.26,894.0,2,,2.8064
ORD249031,REST2185,CUST05019,COUR2843,-37.8096433,144.9725187,2020-12-07,05:32:18,0,0,Motorbike,"[('rajma', 2), ('protein chapati', 2), ('biryani', 2)]",20,63.264,2720.0,5,,3.6629
ORD089290,REST2155,CUST04632,COUR1061,-37.803187799999996,144.93671709999998,2020-12-24,05:20:26,0,0,Bike,"[('palak paneer', 2), ('sweet lassi', 3), ('kulfi', 3), ('biryani', 1)]",40,40.398,6566.0,33,,5.815
ORD259718,REST1572,CUST01684,COUR1783,-37.8216741,145.0007409,2020-02-10,19:15:09,1,0,Car,"[('pizza', 3), ('cocktails', 2), ('veg starter', 2)]",45,64.339,3273.0,8,,4.8928
ORD150360,REST1946,CUST12858,COUR1207,-37.8220672,144.9358678,2020-11-14,05:24:23,0,1,Bike,"[('biryani', 3), ('paneer malai tikka', 2), ('mutton pepper fry', 3)]",45,86.944,2760.0,14,,5.6163
ORD279821,REST1572,CUST06330,COUR2060,-37.8063112,144.9579905,2020-12-06,20:38:14,0,1,Motorbike,"[('mocktails', 3), ('wedges', 1), ('bbq chicken', 2)]",0,111.63,1802.0,4,,4.3613
ORD299049,REST2155,CUST05808,COUR3236,-37.814477600000004,144.9788447,2020-09-21,20:30:19,0,0,Motorbike,"[('kulfi', 2), ('butter kulcha', 3)]",40,36.684,2588.0,5,,3.1257
ORD327843,REST1137,CUST08916,COUR2126,-37.798606899999996,144.9658792,2020-11-02,02:06:35,0,0,Car,"[('chicken kebab', 3), ('momos', 1), ('pizza', 1)]",20,40.784,,5,,
ORD290536,REST1946,CUST00566,COUR2845,-37.8174021,144.96381269999998,2020-07-20,16:29:00,0,0,Car,"[('biryani', 2), ('chicken tenders', 3), ('paneer malai tikka', 3), ('yakhni pulao', 1)]",10,149.409,3235.0,8,,4.0935
ORD113825,REST1946,CUST09700,COUR2751,-37.808673799999994,145.0074977,2020-05-04,17:08:34,0,0,Bike,"[('mutton pepper fry', 1), ('butter naan', 1)]",40,21.024,,33,,
ORD301482,REST1137,CUST06703,COUR1795,-37.8059472,144.94731330000002,2020-07-30,02:46:09,0,0,Motorbike,"[('crispy corn', 1), ('fish', 1), ('cocktails', 1)]",0,49.83,2660.0,5,,3.2173
ORD062079,REST1572,CUST13527,COUR0235,-37.818374,144.97108799999998,2020-01-25,02:34:17,0,1,Bike,"[('mocktails', 3), ('caramel pudding', 2)]",0,88.06,582.0,3,,4.1083
ORD269091,REST2155,CUST13810,COUR4616,-37.81166939999999,144.9647884,2020-05-21,22:56:42,0,0,Car,"[('kulfi', 2), ('sweet lassi', 2), ('thali', 3)]",40,32.856,3724.0,9,,3.5313
ORD024482,REST1137,CUST02554,COUR3490,-37.8039021,145.00396819999997,2020-11-15,15:13:50,0,1,Motorbike,"[('fish', 1), ('crispy corn', 3), ('cocktails', 2)]",0,113.18,3617.0,7,,4.5136
ORD091673,REST1137,CUST10543,COUR2640,-37.8045059,144.94792230000002,2020-04-29,02:46:09,0,0,Bike,"[('fish', 2), ('crispy corn', 2), ('chicken biryani', 3), ('pizza', 2)]",40,67.662,2622.0,13,,4.1015
ORD134602,REST2155,CUST12499,COUR4130,-37.8187852,144.9535325,2020-09-16,14:14:30,0,0,Motorbike,"[('butter kulcha', 3), ('kulfi', 2), ('palak paneer', 1), ('sweet lassi', 2)]",0,84.14,5061.0,10,,3.6411
ORD078809,REST2185,CUST06053,COUR2939,-37.805317200000005,144.94094909999998,2020-07-16,11:40:13,0,0,Motorbike,"[('rajma', 2), ('sweet lassi', 1), ('shahi paneer', 3)]",20,59.368,2579.0,5,,3.3589
ORD224678,REST2155,CUST01363,COUR3875,-37.8087302,145.004482,2020-04-08,14:38:14,0,0,Motorbike,"[('palak paneer', 2), ('kulfi', 3), ('biryani', 2), ('butter kulcha', 3)]",45,58.575,297.0,1,,2.5526
ORD136183,REST2155,CUST09839,COUR2337,-37.8051575,144.9682948,2020-05-24,05:56:02,0,1,Bike,"[('kulfi', 2), ('butter kulcha', 3)]",45,33.627,3411.0,17,,5.2005
ORD231928,REST2155,CUST11582,COUR0351,-37.816723100000004,144.9769207,2020-06-08,07:19:07,0,0,Car,"[('palak paneer', 3), ('thali', 3)]",45,37.554,,8,,
ORD283931,REST2185,CUST02445,COUR3305,-37.808864899999996,144.94514119999997,2020-04-30,07:54:43,0,0,Car,"[('biryani', 1), ('protein chapati', 3)]",0,36.14,2043.0,5,,3.3886
ORD331595,REST1572,CUST10148,COUR2589,-37.7988037,144.989939,2020-08-07,07:07:15,0,0,Car,"[('cocktails', 2), ('bbq chicken', 2), ('mocktails', 2)]",40,49.884,3641.0,9,,3.2857
ORD164847,REST2155,CUST10173,COUR3145,-37.823316999999996,144.976448,2020-08-10,06:59:20,0,0,Motorbike,"[('thali', 1), ('biryani', 2), ('sweet lassi', 3), ('kulfi', 1)]",10,42.138,3644.0,7,,3.327
ORD313287,REST1572,CUST10271,COUR3569,-37.822463,144.9544537,2020-01-22,10:09:13,0,0,Bike,"[('veg starter', 3), ('pizza', 1), ('caramel pudding', 1)]",20,74.088,1256.0,6,,3.2201
ORD081764,REST1137,CUST06596,COUR2200,-37.82492979999999,144.9848718,2020-11-22,00:03:57,0,1,Bike,"[('murgh ghee roast', 3), ('fish', 3), ('momos', 1)]",45,24.541,2734.0,14,,4.9901
ORD016156,REST1572,CUST11320,COUR3792,-37.7889148,144.9378629,2020-07-05,06:23:44,0,1,Motorbike,"[('cocktails', 2), ('wedges', 2), ('sea food', 3), ('caramel pudding', 3)]",10,110.646,5321.0,11,,4.7839
ORD031522,REST2185,CUST13250,COUR3879,-37.8210595,144.97708500000002,2020-05-14,02:46:09,0,0,Car,"[('protein chapati', 2), ('rajma', 2), ('custard', 3)]",10,102.132,2271.0,5,,3.294
ORD315752,REST1946,CUST02678,COUR0646,-37.8110185,145.000558,2020-06-16,23:20:26,0,0,Motorbike,"[('butter naan', 2), ('biryani', 3), ('yakhni pulao', 1)]",20,71.936,5870.0,12,,4.5898
ORD177283,REST1946,CUST12992,COUR1066,-37.812309899999995,144.9514126,2020-02-02,13:42:51,1,1,Bike,"[('mutton pepper fry', 1), ('biryani', 3)]",20,52.56,2243.0,11,,6.8384
ORD086728,REST1946,CUST05144,COUR2526,-37.8244413,144.9526875,2020-04-16,22:48:47,0,0,Motorbike,"[('roti', 3), ('chicken tenders', 2), ('mutton pepper fry', 3)]",45,82.406,2962.0,6,,4.1605
ORD171777,REST1137,CUST03251,COUR2720,-37.8013482,144.99436540000002,2020-07-12,02:26:22,0,1,Motorbike,"[('pizza', 1), ('mocktails', 1)]",0,11.98,3025.0,6,,4.0826
ORD247494,REST1946,CUST05754,COUR3069,-37.8184191,144.966193,2020-04-20,07:30:59,0,0,Car,"[('chicken tenders', 2), ('biryani', 2), ('mutton pepper fry', 1), ('roti', 3)]",0,134.99,3587.0,9,,4.2476
ORD145450,REST2155,CUST04999,COUR2684,-37.812637200000005,144.9740845,2020-06-17,15:09:53,0,0,Bike,"[('kulfi', 2), ('biryani', 1)]",10,18.081,,16,,
ORD223389,REST1946,CUST11947,COUR2473,-37.815825399999994,145.01009069999998,2020-11-07,15:21:45,0,1,Bike,"[('yakhni pulao', 2), ('paneer malai tikka', 3), ('biryani', 3), ('mutton pepper fry', 3)]",40,133.5,7225.0,36,,8.1273
ORD323227,REST1572,CUST01568,COUR2223,-37.815664700000006,144.99791169999997,2020-11-29,13:42:51,1,1,Bike,"[('caramel pudding', 1), ('pizza', 3), ('cocktails', 2)]",0,93.48,3080.0,15,,6.4283
ORD254870,REST1137,CUST03753,COUR0366,-37.8156604,144.9389514,2020-05-13,08:38:14,0,0,Bike,"[('chicken kebab', 1), ('momos', 3), ('fish', 1), ('gulab jamun', 2)]",0,93.03,3690.0,18,,4.2582
ORD255705,REST2185,CUST04509,COUR1843,-37.8205235,144.95389440000002,2020-10-27,02:54:03,0,0,Motorbike,"[('custard', 2), ('sweet lassi', 1), ('shahi paneer', 3), ('rajma', 3)]",40,82.47,,3,,
ORD292925,REST2185,CUST03893,COUR4055,-37.817987200000005,144.9471523,2020-03-02,22:44:50,0,0,Bike,"[('custard', 3), ('protein chapati', 2), ('biryani', 1), ('sweet lassi', 2)]",0,129.5,1387.0,7,,3.5524
ORD248835,REST1137,CUST09060,COUR1807,-37.806844399999996,144.9401436,2020-08-31,12:47:28,1,0,Motorbike,"[('chicken kebab', 1), ('crispy corn', 3), ('gulab jamun', 2)]",10,105.147,3470.0,7,,4.5337
ORD184905,REST1572,CUST12040,COUR0428,-37.801559999999995,144.9573359,2020-06-18,09:57:21,0,0,Car,"[('cocktails', 3), ('pizza', 2), ('sea food', 1)]",0,73.02,2065.0,5,,3.0738
ORD213107,REST1137,CUST11800,COUR4370,-37.8124315,144.96936719999997,2020-12-07,17:16:29,0,0,Bike,"[('gulab jamun', 2), ('pizza', 1), ('crispy corn', 2)]",0,90.55,804.0,4,,2.7798
ORD065463,REST2185,CUST03709,COUR2590,-37.823985799999996,144.98366230000002,2020-08-08,22:09:13,0,1,Bike,"[('biryani', 3), ('protein chapati', 3)]",0,74.58,2688.0,13,,5.1608
ORD239497,REST2155,CUST01322,COUR3540,-37.8117618,144.9859257,2020-06-30,20:14:30,0,0,Motorbike,"[('thali', 2), ('kulfi', 2), ('sweet lassi', 2)]",0,44.4,,4,,
ORD027553,REST2185,CUST09690,COUR4642,-37.814871200000006,144.9647874,2020-06-19,09:37:34,0,0,Bike,"[('biryani', 3), ('jeera rice', 3), ('shahi paneer', 3)]",0,110.49,1549.0,8,,3.7369
ORD068647,REST1572,CUST03164,COUR3679,-37.8076398,144.98091259999998,2020-10-19,08:18:27,0,0,Car,"[('veg starter', 2), ('mocktails', 1), ('pizza', 1), ('cocktails', 2)]",45,50.182,2094.0,5,,3.0545
ORD229356,REST1137,CUST07053,COUR2349,-37.8018082,144.9568764,2020-07-02,11:44:10,0,0,Car,"[('chicken biryani', 3), ('pizza', 3), ('fish', 1)]",10,65.142,2086.0,5,,2.7073
ORD255434,REST2155,CUST12502,COUR4983,-37.8188204,144.95317880000002,2020-08-28,10:56:42,0,0,Motorbike,"[('thali', 2), ('sweet lassi', 1), ('palak paneer', 3)]",0,63.22,5100.0,10,,3.5271
ORD060465,REST1137,CUST07865,COUR2956,-37.816075,144.98384430000002,2020-12-26,22:25:03,0,1,Car,"[('murgh ghee roast', 1), ('crispy corn', 1), ('chicken kebab', 1), ('cocktails', 1)]",20,48.688,1721.0,4,,4.084
ORD096712,REST1572,CUST01013,COUR2907,-37.801840000000006,144.9287179,2020-12-03,01:23:04,0,0,Motorbike,"[('sea food', 3), ('wedges', 1)]",40,31.002,,9,,
ORD254509,REST1137,CUST03577,COUR0726,-37.7998806,144.9729288,2020-10-16,17:36:15,0,0,Motorbike,"[('pizza', 2), ('murgh ghee roast', 2), ('chicken kebab', 2)]",45,24.992,,3,,
ORD213312,REST1137,CUST02419,COUR1847,-37.815563399999995,144.9930676,2020-08-16,04:13:11,0,1,Bike,"[('pizza', 3), ('crispy corn', 2), ('murgh ghee roast', 3)]",10,64.737,2492.0,12,,4.8496
ORD017688,REST1137,CUST12602,COUR2360,-37.8044414,144.94870559999998,2020-07-17,14:30:19,0,0,Motorbike,"[('gulab jamun', 1), ('mocktails', 3)]",0,42.43,2645.0,5,,3.356
ORD338576,REST1137,CUST12159,COUR2680,-37.8238784,144.9548363,2020-01-23,03:45:29,0,0,Bike,"[('murgh ghee roast', 1), ('cocktails', 1)]",0,29.15,3048.0,15,,4.0889
ORD226810,REST2155,CUST01948,COUR1814,-37.8183459,144.9793004,2020-11-04,23:48:07,0,0,Motorbike,"[('biryani', 3), ('sweet lassi', 1)]",10,23.697,,6,,
ORD319698,REST1946,CUST05449,COUR3267,-37.8113861,144.96656049999999,2020-08-31,23:08:34,0,0,Motorbike,"[('biryani', 2), ('chicken tenders', 1), ('mutton pepper fry', 3)]",40,65.898,,6,,
ORD129945,REST2185,CUST07647,COUR1687,-37.813483500000004,144.94113080000002,2020-05-06,23:44:10,0,0,Motorbike,"[('rajma', 2), ('jeera rice', 3), ('custard', 2), ('protein chapati', 1)]",0,104.62,2148.0,4,,2.82
ORD326379,REST1572,CUST07081,COUR3434,-37.8037573,144.95630490000002,2020-12-05,19:54:43,1,1,Motorbike,"[('bbq chicken', 2), ('pizza', 2), ('sea food', 3)]",0,110.38,,4,,
ORD299087,REST1946,CUST07373,COUR2972,-37.821492,144.969235,2020-09-25,09:05:56,0,0,Bike,"[('paneer malai tikka', 2), ('butter naan', 2)]",10,67.05,,20,,
ORD253195,REST2185,CUST08479,COUR4463,-37.8227748,144.9777811,2020-08-30,04:40:52,0,1,Motorbike,"[('rajma', 2), ('biryani', 1), ('protein chapati', 1)]",10,48.798,2235.0,4,,4.1352
ORD256418,REST1572,CUST07902,COUR0579,-37.816570299999995,144.98697990000002,2020-07-22,12:59:20,1,0,Motorbike,"[('bbq chicken', 2), ('veg starter', 3)]",0,87.83,1941.0,4,,4.4371
ORD208289,REST1572,CUST08452,COUR0397,-37.8020189,144.95721709999998,2020-09-22,22:32:58,0,0,Motorbike,"[('cocktails', 1), ('mocktails', 1), ('caramel pudding', 2)]",0,53.12,2031.0,4,,3.0516
ORD159957,REST1137,CUST05379,COUR4068,-37.8143577,144.955229,2020-08-25,08:10:32,0,0,Motorbike,"[('mocktails', 2), ('chicken kebab', 2)]",40,22.176,,4,,
ORD005122,REST1946,CUST04473,COUR0479,-37.8203076,144.9588982,2020-02-10,23:04:36,0,0,Motorbike,"[('biryani', 3), ('chicken tenders', 1), ('paneer malai tikka', 3), ('mutton pepper fry', 2)]",0,175.01,2901.0,6,,3.6566
ORD021342,REST2185,CUST03062,COUR3900,-37.8006883,144.9662159,2020-02-13,15:05:56,0,0,Motorbike,"[('biryani', 2), ('jeera rice', 2)]",0,52.48,3403.0,7,,3.2972
ORD066205,REST2155,CUST01981,COUR4825,-37.8114979,145.00974509999998,2020-12-31,03:01:58,0,0,Bike,"[('sweet lassi', 1), ('palak paneer', 3), ('thali', 3), ('kulfi', 1)]",20,64.096,450.0,2,,2.5077
ORD135210,REST2185,CUST08194,COUR4340,-37.816794,145.00747009999998,2020-08-10,07:54:43,0,0,Bike,"[('jeera rice', 1), ('shahi paneer', 1), ('sweet lassi', 1)]",10,27.621,5049.0,25,,5.1042
ORD093132,REST1137,CUST10453,COUR4867,-37.799308,144.95924140000002,2020-05-27,21:25:42,0,0,Car,"[('crispy corn', 2), ('pizza', 2)]",0,50.42,,5,,
ORD023816,REST2155,CUST08589,COUR2299,-37.8208834,144.9624074,2020-12-12,22:36:55,0,1,Motorbike,"[('cheese naan', 2), ('butter kulcha', 2)]",0,80.08,,9,,
ORD272361,REST1137,CUST02458,COUR3887,-37.7987123,145.0034788,2020-07-24,08:50:06,0,0,Car,"[('chicken biryani', 3), ('murgh ghee roast', 3), ('gulab jamun', 2)]",40,66.882,,10,,
ORD101442,REST1572,CUST00624,COUR3423,-37.799000799999995,144.9274382,2020-08-27,03:37:34,0,0,Bike,"[('mocktails', 1), ('sea food', 3), ('cocktails', 1)]",45,31.966,,24,,
ORD285554,REST2155,CUST13045,COUR1137,-37.812044,144.9535421,2020-08-24,02:42:11,0,0,Car,"[('kulfi', 3), ('sweet lassi', 3), ('biryani', 3)]",0,56.55,4716.0,11,,3.4076
ORD092715,REST1572,CUST02494,COUR1691,-37.8142234,144.9328325,2020-11-05,18:15:49,1,0,Car,"[('sea food', 1), ('bbq chicken', 2)]",0,42.78,4280.0,10,,5.0395
ORD084481,REST1946,CUST01019,COUR4567,-37.8029182,144.9281234,2020-11-27,17:20:26,0,0,Bike,"[('biryani', 2), ('mutton pepper fry', 2), ('paneer malai tikka', 2), ('chicken tenders', 3)]",0,165.68,848.0,4,,3.7566
ORD208512,REST2185,CUST00172,COUR1324,-37.7989598,144.9842738,2020-03-19,03:45:29,0,0,Motorbike,"[('biryani', 1), ('rajma', 1)]",0,33.9,4379.0,9,,3.3233
ORD224075,REST1137,CUST08755,COUR3896,-37.8129073,145.0130137,2020-04-28,11:32:18,0,0,Motorbike,"[('momos', 1), ('pizza', 3), ('murgh ghee roast', 2), ('crispy corn', 2)]",0,76.33,4112.0,8,,3.2077
ORD341622,REST1946,CUST13247,COUR4709,-37.821070899999995,144.9771819,2020-10-23,19:46:48,1,0,Car,"[('paneer malai tikka', 3), ('chicken tenders', 3), ('yakhni pulao', 2)]",0,156.98,,11,,
ORD151492,REST1946,CUST06550,COUR3667,-37.8245316,144.9846407,2020-07-01,05:04:36,0,0,Motorbike,"[('mutton pepper fry', 1), ('roti', 2), ('paneer malai tikka', 1), ('yakhni pulao', 2)]",0,122.69,5463.0,11,,4.0189
ORD203414,REST1137,CUST09234,COUR3045,-37.810120399999995,144.953732,2020-10-12,06:47:28,0,0,Bike,"[('fish', 1), ('chicken kebab', 1), ('chicken biryani', 3), ('crispy corn', 3)]",10,114.624,2176.0,11,,3.7402
ORD138651,REST1572,CUST07979,COUR0928,-37.823851399999995,144.98385459999997,2020-12-11,22:40:52,0,0,Motorbike,"[('cocktails', 2), ('bbq chicken', 2), ('mocktails', 1)]",0,62.96,1915.0,4,,3.1923
ORD335344,REST2155,CUST05385,COUR1792,-37.809614200000006,144.9711285,2020-08-20,23:24:23,0,0,Car,"[('sweet lassi', 3), ('cheese naan', 1), ('palak paneer', 2), ('biryani', 3)]",0,85.75,3098.0,7,,3.1509
ORD274894,REST1572,CUST11757,COUR0108,-37.8251449,144.9933916,2020-03-23,14:22:25,0,0,Motorbike,"[('sea food', 1), ('mocktails', 3)]",0,71.38,,6,,
ORD293739,REST2185,CUST11197,COUR4654,-37.802218700000005,144.9308002,2020-12-07,03:21:45,0,0,Car,"[('protein chapati', 1), ('shahi paneer', 2), ('jeera rice', 3)]",45,26.334,,9,,
ORD154991,REST1137,CUST01403,COUR3064,-37.7993419,144.9590456,2020-03-22,15:17:48,0,1,Motorbike,"[('fish', 3), ('pizza', 1)]",10,21.789,2274.0,5,,4.2724
ORD063517,REST1572,CUST01345,COUR1809,-37.822531899999994,144.9639894,2020-04-03,17:56:02,0,0,Car,"[('pizza', 1), ('caramel pudding', 1), ('mocktails', 2)]",0,77.08,737.0,2,,2.8542
ORD145702,REST2185,CUST07620,COUR3292,-37.8123062,144.93743569999998,2020-04-09,00:03:57,0,0,Motorbike,"[('sweet lassi', 2), ('biryani', 2), ('protein chapati', 1)]",10,63.216,2826.0,6,,2.8788
ORD294824,REST1572,CUST02373,COUR4338,-37.8201771,144.9427589,2020-10-23,09:29:40,0,0,Motorbike,"[('caramel pudding', 3), ('veg starter', 1), ('mocktails', 2)]",0,100.27,2322.0,5,,3.1786
ORD034522,REST1572,CUST12188,COUR1257,-37.8028533,144.96337240000003,2020-04-07,16:32:58,0,0,Bike,"[('pizza', 3), ('caramel pudding', 2), ('mocktails', 3)]",20,125.552,1947.0,10,,3.6762
ORD115078,REST1946,CUST08366,COUR0816,-37.8123572,144.9540342,2020-06-13,00:07:54,0,1,Motorbike,"[('mutton pepper fry', 1), ('roti', 3)]",10,68.769,,4,,
ORD158759,REST2155,CUST09234,COUR2356,-37.810120399999995,144.953732,2020-12-07,19:42:51,1,0,Bike,"[('butter kulcha', 3), ('palak paneer', 3), ('biryani', 2)]",40,59.568,,24,,
ORD043756,REST1946,CUST05520,COUR3651,-37.8013468,144.9797271,2020-03-29,19:54:43,1,1,Bike,"[('butter naan', 3), ('paneer malai tikka', 2), ('roti', 3)]",20,113.576,,22,,
ORD048846,REST1137,CUST08433,COUR4359,-37.804095700000005,144.9634487,2020-04-14,22:21:05,0,0,Motorbike,"[('fish', 3), ('pizza', 2), ('gulab jamun', 3), ('chicken kebab', 1)]",20,87.928,1419.0,3,,3.1232
ORD171765,REST1572,CUST13287,COUR3179,-37.822376899999995,144.978456,2020-12-11,21:25:42,0,0,Bike,"[('veg starter', 2), ('bbq chicken', 1)]",0,53.23,1452.0,7,,2.8427
ORD094572,REST2155,CUST05726,COUR1213,-37.81284,144.94309219999997,2020-12-22,17:56:02,0,0,Car,"[('kulfi', 1), ('sweet lassi', 1), ('butter kulcha', 1)]",0,27.86,,14,,
ORD023305,REST1946,CUST07710,COUR0393,-37.7989324,144.9541514,2020-10-10,11:28:21,0,1,Bike,"[('mutton pepper fry', 1), ('roti', 3), ('biryani', 3)]",0,120.12,,11,,
ORD197954,REST1572,CUST03461,COUR4889,-37.820780799999994,144.9941131,2020-12-25,23:36:15,0,0,Motorbike,"[('pizza', 1), ('sea food', 2), ('cocktails', 3), ('veg starter', 2)]",0,98.16,2649.0,5,,3.4352
ORD219057,REST2185,CUST08825,COUR2796,-37.82339,144.94794,2020-04-11,14:02:38,0,1,Car,"[('shahi paneer', 1), ('rajma', 1), ('protein chapati', 2), ('sweet lassi', 1)]",0,49.63,1736.0,4,,4.3125
ORD325183,REST1572,CUST11192,COUR1069,-37.8076225,144.9489486,2020-12-16,10:40:52,0,0,Motorbike,"[('bbq chicken', 3), ('cocktails', 1)]",0,53.33,2428.0,5,,2.918
ORD024951,REST1572,CUST06843,COUR4047,-37.806430799999994,144.95959230000003,2020-07-07,23:04:36,0,0,Car,"[('wedges', 1), ('caramel pudding', 1), ('sea food', 3)]",40,39.258,1482.0,4,,3.1704
ORD008938,REST2155,CUST01941,COUR0000,-37.8107938,144.9755197,2020-08-03,11:12:31,0,0,Bike,"[('cheese naan', 1), ('kulfi', 2), ('butter kulcha', 3), ('palak paneer', 3)]",10,110.124,,14,,
ORD176438,REST2155,CUST09630,COUR3107,-37.8124655,144.97437390000002,2020-12-11,23:40:13,0,0,Motorbike,"[('cheese naan', 2), ('kulfi', 2), ('butter kulcha', 1), ('biryani', 3)]",40,58.902,3032.0,6,,3.2825
ORD033402,REST1137,CUST08853,COUR3670,-37.8179814,144.9668924,2020-06-04,13:11:12,1,0,Motorbike,"[('gulab jamun', 2), ('murgh ghee roast', 2)]",20,45.024,,3,,
ORD131151,REST1946,CUST06282,COUR4618,-37.807324200000004,144.9573854,2020-05-03,13:27:01,1,1,Motorbike,"[('chicken tenders', 2), ('mutton pepper fry', 3), ('paneer malai tikka', 3)]",0,168.01,,5,,
ORD232977,REST2155,CUST04088,COUR2465,-37.81916,144.9847744,2020-04-14,06:27:41,0,0,Bike,"[('butter kulcha', 2), ('thali', 3)]",0,63.12,2640.0,13,,3.8609
ORD247944,REST1946,CUST09217,COUR3500,-37.8067051,144.9627941,2020-06-15,22:01:19,0,0,Motorbike,"[('butter naan', 1), ('paneer malai tikka', 2), ('chicken tenders', 3), ('roti', 2)]",0,141.89,,5,,
ORD235604,REST1572,CUST13396,COUR1110,-37.8174985,145.0055245,2020-12-16,08:38:14,0,0,Car,"[('mocktails', 3), ('wedges', 2)]",45,54.362,,9,,
ORD347164,REST1137,CUST06916,COUR0910,-37.805876500000004,144.9560741,2020-10-13,12:15:49,1,0,Motorbike,"[('gulab jamun', 3), ('murgh ghee roast', 2), ('fish', 1)]",0,85.32,,4,,
ORD127780,REST2155,CUST11948,COUR2762,-37.815816,145.0100129,2020-11-27,10:32:58,0,0,Motorbike,"[('sweet lassi', 1), ('thali', 2), ('palak paneer', 2)]",40,30.492,1069.0,2,,2.8927
ORD296069,REST2185,CUST11889,COUR4065,-37.811452,145.0098405,2020-10-28,12:39:33,1,0,Bike,"[('rajma', 2), ('protein chapati', 2), ('biryani', 1)]",0,59.86,,27,,
ORD021883,REST1137,CUST06732,COUR1618,-37.8078831,144.97318710000002,2020-11-29,14:34:17,0,1,Car,"[('fish', 3), ('crispy corn', 2), ('gulab jamun', 1)]",45,44.616,,1,,
ORD209656,REST2155,CUST09909,COUR1164,-37.7943924,144.9349072,2020-10-11,21:25:42,0,1,Car,"[('palak paneer', 2), ('biryani', 3), ('butter kulcha', 1)]",0,61.85,9136.0,22,,5.7828
ORD179315,REST1137,CUST11651,COUR1444,-37.81791810000001,144.9525174,2020-09-15,15:41:32,0,0,Bike,"[('chicken kebab', 2), ('gulab jamun', 3), ('fish', 3), ('murgh ghee roast', 3)]",0,127.06,,18,,
ORD155161,REST2155,CUST10812,COUR1228,-37.808643599999996,144.95744140000002,2020-11-18,07:30:59,0,0,Car,"[('kulfi', 3), ('biryani', 3), ('thali', 3)]",0,71.73,4298.0,10,,3.5495
ORD341045,REST2185,CUST11642,COUR1738,-37.8173309,144.9522948,2020-10-04,02:14:30,0,1,Motorbike,"[('protein chapati', 1), ('biryani', 1), ('shahi paneer', 2)]",40,27.624,2905.0,6,,4.5038
ORD230964,REST2185,CUST05865,COUR4209,-37.8081174,144.9424663,2020-03-09,19:03:17,1,0,Car,"[('jeera rice', 3), ('shahi paneer', 1), ('protein chapati', 3), ('custard', 2)]",0,97.13,2405.0,6,,4.7299
ORD145550,REST2185,CUST03467,COUR3784,-37.8234936,144.9948725,2020-11-26,12:59:20,1,0,Motorbike,"[('sweet lassi', 3), ('protein chapati', 1)]",0,44.88,3788.0,8,,4.8935
ORD014764,REST2155,CUST01727,COUR4199,-37.8181125,144.94864109999997,2020-12-02,01:27:01,0,0,Car,"[('palak paneer', 3), ('kulfi', 3), ('biryani', 1), ('butter kulcha', 3)]",0,111.89,5454.0,13,,3.5602
ORD031064,REST1137,CUST10308,COUR3954,-37.7995568,144.9553376,2020-01-19,23:40:13,0,1,Motorbike,"[('chicken kebab', 3), ('mocktails', 3), ('murgh ghee roast', 2), ('chicken biryani', 3)]",20,92.792,2381.0,5,,4.0694
ORD192819,REST2155,CUST09336,COUR1546,-37.8193792,144.96120180000003,2020-05-16,19:34:56,1,1,Bike,"[('sweet lassi', 1), ('cheese naan', 3), ('palak paneer', 1)]",0,89.76,4299.0,21,,7.5417
ORD108501,REST1946,CUST05633,COUR3267,-37.8122532,144.93881330000002,2020-04-20,21:37:34,0,0,Motorbike,"[('chicken tenders', 1), ('yakhni pulao', 3), ('butter naan', 1), ('biryani', 2)]",0,117.24,977.0,2,,3.5201
ORD254082,REST1137,CUST00597,COUR0688,-37.815026700000004,144.9412471,2020-05-15,16:09:13,0,0,Car,"[('chicken kebab', 3), ('chicken biryani', 3)]",10,77.058,3354.0,8,,3.2351
ORD193187,REST1946,CUST02848,COUR3039,-37.821149600000005,144.9918618,2020-11-08,11:00:39,0,1,Motorbike,"[('biryani', 3), ('mutton pepper fry', 1), ('roti', 1)]",0,83.84,5883.0,12,,5.382
ORD171426,REST1137,CUST01793,COUR0571,-37.7992886,144.96295690000002,2020-10-26,01:34:56,0,0,Bike,"[('chicken kebab', 1), ('mocktails', 2)]",20,20.024,,10,,
ORD176546,REST2155,CUST07979,COUR0316,-37.823851399999995,144.98385459999997,2020-08-29,15:13:50,0,1,Bike,"[('palak paneer', 1), ('cheese naan', 3), ('thali', 1)]",0,94.82,3044.0,15,,5.286
ORD069190,REST2155,CUST05129,COUR4458,-37.82248679999999,144.9555012,2020-07-10,03:33:37,0,0,Motorbike,"[('cheese naan', 3), ('sweet lassi', 1), ('palak paneer', 3), ('kulfi', 2)]",0,127.64,4986.0,10,,3.6652
ORD179523,REST2155,CUST02781,COUR0060,-37.800078799999994,144.9671174,2020-12-07,10:40:52,0,0,Car,"[('sweet lassi', 3), ('cheese naan', 1), ('palak paneer', 3), ('biryani', 3)]",20,78.52,4117.0,10,,3.7032
ORD344550,REST2155,CUST07459,COUR4144,-37.80704420000001,144.9630675,2020-08-11,13:58:40,1,0,Motorbike,"[('kulfi', 1), ('thali', 2)]",45,14.993,,8,,
ORD073120,REST1946,CUST11868,COUR4466,-37.81052879999999,144.97548659999998,2020-11-05,16:13:11,0,0,Bike,"[('mutton pepper fry', 3), ('yakhni pulao', 2), ('paneer malai tikka', 1)]",40,78.234,,19,,
ORD258667,REST1137,CUST08294,COUR3523,-37.820997799999994,144.9549805,2020-12-23,06:00:00,0,0,Car,"[('chicken kebab', 1), ('crispy corn', 2), ('pizza', 2), ('mocktails', 2)]",20,60.36,2732.0,7,,3.1871
ORD323906,REST1946,CUST01257,COUR1909,-37.8002406,144.9822256,2020-06-01,03:09:53,0,0,Bike,"[('paneer malai tikka', 2), ('biryani', 3), ('butter naan', 2), ('yakhni pulao', 2)]",0,158.43,4766.0,24,,5.804
ORD188661,REST1572,CUST01977,COUR1841,-37.8230461,144.9780827,2020-02-26,00:00:00,0,0,Car,"[('cocktails', 2), ('sea food', 1)]",20,17.344,1396.0,3,,2.8372
ORD309059,REST1137,CUST04183,COUR1191,-37.8263573,144.98599209999998,2020-02-04,13:34:56,1,0,Motorbike,"[('murgh ghee roast', 1), ('chicken kebab', 2), ('chicken biryani', 1)]",0,45.83,,6,,
ORD170546,REST2155,CUST04693,COUR1769,-37.8002472,144.9293855,2020-07-29,08:06:35,0,0,Bike,"[('sweet lassi', 1), ('thali', 2), ('biryani', 1), ('cheese naan', 1)]",0,57.05,,37,,
ORD251868,REST1572,CUST07082,COUR3808,-37.80376210000001,144.9563764,2020-03-07,22:56:42,0,1,Bike,"[('pizza', 1), ('cocktails', 2)]",0,33.8,1953.0,10,,4.5687
ORD113862,REST2155,CUST09004,COUR3554,-37.7989674,144.9879386,2020-09-27,14:58:01,0,1,Bike,"[('palak paneer', 2), ('butter kulcha', 2), ('thali', 1)]",0,67.2,,13,,
ORD111311,REST1572,CUST08061,COUR4835,-37.8199883,145.0127302,2020-06-04,17:52:05,0,0,Car,"[('veg starter', 3), ('pizza', 2)]",0,101.81,4266.0,10,,3.3833
ORD054612,REST2155,CUST11152,COUR4647,-37.8068572,144.9462833,2020-05-28,00:39:33,0,0,Car,"[('palak paneer', 2), ('kulfi', 2)]",45,20.834,5327.0,13,,4.1045
ORD029943,REST2155,CUST01848,COUR0499,-37.8261748,145.0083752,2020-04-01,06:43:30,0,0,Bike,"[('sweet lassi', 3), ('kulfi', 1), ('palak paneer', 3)]",10,53.676,2168.0,11,,3.459
ORD141052,REST1946,CUST08076,COUR1998,-37.8181737,145.0040233,2020-08-14,21:49:27,0,0,Motorbike,"[('paneer malai tikka', 3), ('roti', 3), ('butter naan', 1)]",40,84.042,6771.0,14,,4.892
