order_id,restaurant_id,customer_id,carrier_id,customer_lat,customer_lon,date,time,is_peak_time,is_weekend,carrier_vehicle,shopping_cart,coupon_discount,order_price,shortest_distance_to_customer,travel_time_minutes,delivery_charges
ORD080681,REST1946,CUST13978,COUR2927,-37.8130158,144.9515381,2020-08-04,08:38:14,0,0,Car,"[('roti', 3), ('paneer malai tikka', 1), ('butter naan', 2), ('chicken tenders', 2)]",10,120.744,1792,4,3.8732
ORD046142,REST2185,CUST11790,COUR4300,-37.8045851,144.96755259999995,2020-02-16,12:11:52,1,1,Motorbike,"[('shahi paneer', 3), ('rajma', 2), ('biryani', 3), ('protein chapati', 3)]",45,74.64,3019,6,5.8251
ORD005100,REST2155,CUST06044,COUR1049,-37.8063174,144.9415754,2020-07-16,17:16:29,0,0,Motorbike,"[('butter kulcha', 1), ('thali', 3)]",20,37.68,5828,12,3.9266
ORD030320,REST1137,CUST07409,COUR1647,-37.8235949,144.9671315,2020-11-28,01:50:46,0,1,Bike,"[('momos', 3), ('chicken kebab', 2), ('crispy corn', 2)]",0,92.7,2344,12,4.7621
ORD312831,REST2185,CUST00686,COUR1688,-37.8172561,144.96217019999997,2020-06-08,04:17:08,0,0,Bike,"[('custard', 1), ('jeera rice', 3), ('protein chapati', 3)]",0,62.26,1085,5,3.4256
ORD212839,REST2155,CUST07973,COUR4604,-37.813249600000006,144.9737466,2020-06-07,06:31:38,0,1,Bike,"[('sweet lassi', 3), ('kulfi', 1)]",40,13.464,3139,16,4.8252
ORD091922,REST2155,CUST05461,COUR4516,-37.8134063,144.96490769999997,2020-12-07,17:48:07,0,0,Car,"[('biryani', 2), ('butter kulcha', 1), ('thali', 3)]",45,33.616,3865,9,3.7728
ORD129905,REST2185,CUST10456,COUR2063,-37.7994034,144.95948149999995,2020-01-28,01:54:43,0,0,Bike,"[('biryani', 2), ('rajma', 3), ('jeera rice', 3), ('protein chapati', 1)]",0,109.18,3263,16,4.2298
ORD240003,REST2155,CUST07355,COUR3522,-37.8234235,144.970257,2020-08-13,16:13:11,0,0,Motorbike,"[('biryani', 1), ('kulfi', 1), ('palak paneer', 2)]",10,34.515,4253,9,3.9068
ORD239702,REST1572,CUST01236,COUR0404,-37.7982175,144.97739819999995,2020-01-20,13:27:01,1,0,Motorbike,"[('caramel pudding', 2), ('veg starter', 3), ('cocktails', 3), ('wedges', 2)]",10,124.17299999999999,2766,6,4.7946
ORD055145,REST1946,CUST08350,COUR1145,-37.814716,144.9521635,2020-01-29,03:01:58,0,0,Motorbike,"[('mutton pepper fry', 3), ('biryani', 1), ('chicken tenders', 3), ('butter naan', 3)]",45,90.118,1878,4,3.9139
ORD290354,REST1137,CUST00552,COUR0594,-37.8217001,144.9629449,2020-08-17,05:24:23,0,0,Bike,"[('pizza', 1), ('gulab jamun', 2)]",0,50.99,2385,12,3.8112
ORD252507,REST2185,CUST05070,COUR1847,-37.8198164,144.9612635,2020-05-10,16:21:05,0,1,Bike,"[('custard', 2), ('protein chapati', 1), ('biryani', 3), ('jeera rice', 1)]",0,118.88,696,3,3.9673
ORD039447,REST1572,CUST07118,COUR3998,-37.8242368,145.0136894,2020-06-06,00:43:30,0,1,Motorbike,"[('cocktails', 2), ('bbq chicken', 1)]",0,26.81,4673,9,4.6168
ORD155365,REST1946,CUST05967,COUR3411,-37.8204679,144.9660046,2020-12-08,01:38:54,0,0,Car,"[('yakhni pulao', 1), ('biryani', 1)]",0,34.68,3721,9,2.08605
ORD341077,REST1572,CUST12625,COUR2661,-37.8034206,144.9491175,2020-05-16,12:27:41,1,1,Car,"[('veg starter', 1), ('mocktails', 3), ('wedges', 3), ('caramel pudding', 1)]",20,120.304,2660,6,5.6865
ORD180044,REST1946,CUST05312,COUR1595,-37.8186975,144.9657741,2020-06-10,07:23:04,0,0,Motorbike,"[('butter naan', 2), ('roti', 2), ('paneer malai tikka', 2), ('mutton pepper fry', 1)]",0,132.77,3522,7,3.9360000000000004
ORD087294,REST2155,CUST07769,COUR1298,-37.8144773,144.96563700000004,2020-12-26,21:49:27,0,1,Car,"[('biryani', 3), ('thali', 2), ('butter kulcha', 2), ('cheese naan', 2)]",0,121.83,3979,10,4.6593
ORD322547,REST2185,CUST01248,COUR4554,-37.8031969,144.98113909999995,2020-12-21,13:03:17,1,0,Bike,"[('shahi paneer', 1), ('protein chapati', 3), ('rajma', 1), ('sweet lassi', 1)]",0,55.27,3720,19,6.0258
ORD229759,REST2185,CUST11530,COUR3865,-37.8202297,144.9894253,2020-07-06,05:00:39,0,0,Bike,"[('protein chapati', 2), ('biryani', 2)]",45,27.346,3173,16,4.0555
ORD076861,REST2185,CUST09660,COUR1400,-37.8087811,144.9613149,2020-01-22,17:08:34,0,0,Bike,"[('sweet lassi', 3), ('jeera rice', 1), ('custard', 1)]",45,38.797,2202,11,3.6506
ORD288874,REST2185,CUST02757,COUR3544,-37.8101386,145.0007316,2020-11-03,23:08:34,0,0,Car,"[('rajma', 3), ('shahi paneer', 1), ('protein chapati', 1), ('jeera rice', 3)]",0,81.33,4734,11,1.76465
ORD164417,REST1137,CUST06799,COUR3977,-37.8038253,144.9562081,2020-12-07,02:30:19,0,0,Car,"[('crispy corn', 1), ('fish', 3)]",0,38.56,1977,5,2.8810000000000002
ORD225484,REST1572,CUST01359,COUR2695,-37.8028793,144.96795830000005,2020-01-22,22:40:52,0,0,Motorbike,"[('cocktails', 2), ('caramel pudding', 2), ('sea food', 3), ('bbq chicken', 1)]",20,69.48,2044,4,3.2897
ORD186140,REST1572,CUST03586,COUR4949,-37.8001618,144.9845044,2020-07-29,03:21:45,0,0,Car,"[('cocktails', 3), ('veg starter', 3)]",0,72.15,3183,8,3.6043
ORD303337,REST1946,CUST13063,COUR0942,-37.8115747,144.9529382,2020-01-10,04:01:19,0,0,Car,"[('chicken tenders', 2), ('roti', 2), ('biryani', 3)]",0,109.43,1855,4,3.3086
ORD156316,REST1946,CUST12209,COUR4056,-37.7997769,144.9655272,2020-02-12,17:16:29,0,0,Car,"[('biryani', 2), ('yakhni pulao', 2), ('mutton pepper fry', 3)]",0,135.33,3245,8,2.01415
ORD181219,REST1137,CUST09491,COUR3766,-37.7997486,144.9574922,2020-04-04,11:56:02,0,1,Motorbike,"[('momos', 1), ('chicken kebab', 2)]",45,18.491,2279,5,3.9838
ORD087102,REST1572,CUST07802,COUR1851,-37.802419,144.99178,2020-11-07,16:13:11,0,1,Car,"[('cocktails', 1), ('veg starter', 2), ('mocktails', 2), ('pizza', 1)]",45,58.3,3508,8,4.5657
ORD226385,REST1137,CUST03995,COUR2520,-37.8242902,144.9445345,2020-07-05,15:37:34,0,1,Bike,"[('cocktails', 2), ('fish', 3), ('chicken biryani', 2), ('momos', 1)]",0,109.34,3811,19,5.3904
ORD109158,REST2185,CUST02307,COUR4527,-37.811914,144.945762,2020-12-29,13:58:40,1,0,Bike,"[('biryani', 2), ('sweet lassi', 3)]",0,77.68,1701,9,5.1321
ORD252544,REST2155,CUST13156,COUR2137,-37.81572979999999,144.9380366,2020-08-07,07:46:48,0,0,Bike,"[('cheese naan', 2), ('palak paneer', 1)]",45,33.242,6233,31,5.8823
ORD022406,REST2185,CUST09149,COUR0360,-37.8163506,144.9556104,2020-01-07,01:50:46,0,0,Bike,"[('custard', 1), ('rajma', 3)]",20,54.656000000000006,955,5,3.2653
ORD139461,REST1572,CUST10471,COUR3708,-37.7994496,144.95963830000005,2020-09-03,08:30:19,0,0,Car,"[('caramel pudding', 2), ('mocktails', 2), ('wedges', 1)]",40,52.218,2426,6,2.8847
ORD092711,REST1137,CUST02298,COUR2162,-37.8174032,144.97039080000005,2020-03-12,14:38:14,0,0,Motorbike,"[('chicken biryani', 2), ('fish', 1), ('cocktails', 1)]",40,37.961999999999996,2036,4,3.0694
ORD168036,REST2155,CUST09476,COUR0464,-37.8005285,144.9458413,2020-03-06,18:23:44,1,0,Car,"[('kulfi', 2), ('palak paneer', 1)]",0,25.48,5483,13,5.2008
ORD049603,REST1572,CUST13886,COUR3188,-37.8173089,144.96745869999995,2020-02-18,11:56:02,0,0,Motorbike,"[('wedges', 3), ('bbq chicken', 1)]",20,58.736000000000004,155,0,2.5733
ORD214066,REST1572,CUST01786,COUR1563,-37.7989032,144.9626467,2020-03-27,00:39:33,0,0,Motorbike,"[('sea food', 3), ('cocktails', 1), ('pizza', 2), ('mocktails', 1)]",0,104.04,2359,5,2.7877
ORD242277,REST1572,CUST08565,COUR4609,-37.8112316,145.008477,2020-08-26,07:03:17,0,0,Motorbike,"[('cocktails', 3), ('sea food', 3)]",45,26.829,4769,10,3.0607
ORD188836,REST2185,CUST04202,COUR0885,-37.8240051,144.9802064,2020-11-19,22:40:52,0,0,Bike,"[('protein chapati', 3), ('shahi paneer', 1)]",10,24.759,2611,13,4.0804
ORD112866,REST1572,CUST13828,COUR0517,-37.81918510000001,144.9610198,2020-07-23,14:50:06,0,0,Car,"[('mocktails', 2), ('sea food', 2), ('bbq chicken', 1), ('pizza', 3)]",0,146.89,466,1,2.6517
ORD290620,REST2155,CUST01414,COUR4113,-37.8101655,144.97185100000004,2020-08-14,01:46:48,0,0,Bike,"[('butter kulcha', 3), ('biryani', 3)]",0,69.09,3134,16,3.9023
ORD253399,REST2155,CUST09327,COUR1002,-37.81563060000001,144.9582346,2020-07-07,20:50:06,0,0,Bike,"[('thali', 2), ('cheese naan', 2)]",0,68.76,4479,22,4.694
ORD198042,REST1572,CUST07623,COUR1301,-37.813352,144.9402417,2020-01-04,17:48:07,0,1,Motorbike,"[('pizza', 2), ('veg starter', 1)]",10,58.095,2948,6,4.1726
ORD041115,REST1572,CUST05697,COUR0830,-37.8144586,144.93750930000004,2020-11-28,17:44:10,0,1,Motorbike,"[('wedges', 3), ('mocktails', 2), ('caramel pudding', 1)]",10,100.413,3208,6,4.3135
ORD101364,REST2185,CUST11958,COUR1538,-37.8180866,144.99052849999995,2020-12-10,21:17:48,0,0,Car,"[('jeera rice', 1), ('sweet lassi', 3), ('custard', 1)]",20,56.431999999999995,3383,8,3.5271
ORD268943,REST1946,CUST11861,COUR4983,-37.8099791,144.9952351,2020-10-04,15:01:58,0,1,Motorbike,"[('roti', 2), ('mutton pepper fry', 1), ('paneer malai tikka', 2)]",0,106.67,5351,11,5.2819
ORD019093,REST2185,CUST13112,COUR1462,-37.8210266,144.9987388,2020-06-23,07:54:43,0,0,Car,"[('rajma', 1), ('biryani', 3)]",10,65.10600000000001,4080,10,3.7153
ORD081706,REST1946,CUST13586,COUR4613,-37.8144874,144.943067,2020-03-13,15:17:48,0,0,Car,"[('mutton pepper fry', 2), ('paneer malai tikka', 3), ('roti', 2)]",0,152.86,1414,3,3.3624
ORD104032,REST1946,CUST09546,COUR1814,-37.8274091,145.013615,2020-05-26,02:58:01,0,0,Motorbike,"[('paneer malai tikka', 3), ('mutton pepper fry', 3), ('chicken tenders', 3)]",45,100.50200000000001,7914,16,4.3822
ORD174819,REST2185,CUST00261,COUR1868,-37.8226648,144.94708490000005,2020-09-23,22:05:16,0,0,Car,"[('shahi paneer', 2), ('custard', 1), ('sweet lassi', 1)]",0,58.54,937,2,2.888
ORD022667,REST2155,CUST00898,COUR1491,-37.820651700000006,144.97532990000005,2020-05-26,02:14:30,0,0,Bike,"[('sweet lassi', 2), ('thali', 3), ('cheese naan', 1), ('biryani', 2)]",45,43.846000000000004,3776,19,4.6929
ORD099907,REST2185,CUST09825,COUR4206,-37.8154751,144.9665885,2020-01-23,06:07:54,0,0,Motorbike,"[('biryani', 1), ('shahi paneer', 3), ('protein chapati', 1), ('sweet lassi', 1)]",0,69.71,1559,3,3.1037
ORD111588,REST1137,CUST01951,COUR4036,-37.8099203,144.97840119999995,2020-09-03,09:29:40,0,0,Motorbike,"[('cocktails', 1), ('gulab jamun', 1)]",20,37.256,801,2,1.4305
ORD333885,REST1137,CUST09551,COUR2745,-37.8256878,144.99790009999995,2020-06-07,12:35:36,1,1,Bike,"[('murgh ghee roast', 2), ('gulab jamun', 3), ('fish', 1), ('mocktails', 1)]",0,91.87,3403,17,6.8546
ORD284194,REST1572,CUST05229,COUR1761,-37.8215159,144.9611783,2020-08-31,10:09:13,0,0,Motorbike,"[('pizza', 3), ('mocktails', 3), ('veg starter', 3)]",40,111.186,694,1,2.5069
ORD076380,REST2155,CUST07657,COUR4565,-37.812989,144.94076769999995,2020-02-21,20:14:30,0,0,Bike,"[('thali', 2), ('biryani', 3), ('butter kulcha', 2)]",0,73.79,5939,30,8.7525
ORD119681,REST2155,CUST12378,COUR0538,-37.8062948,144.9442734,2020-12-31,23:52:05,0,0,Bike,"[('palak paneer', 1), ('cheese naan', 1), ('biryani', 2), ('kulfi', 3)]",10,63.053999999999995,5513,28,5.4178
ORD333315,REST1137,CUST11420,COUR1351,-37.8133513,144.9510831,2020-03-17,10:17:08,0,0,Car,"[('gulab jamun', 3), ('chicken biryani', 1)]",20,67.96,1838,4,3.0091
ORD082213,REST1572,CUST13976,COUR1850,-37.81305510000001,144.95136609999997,2020-06-11,02:42:11,0,0,Bike,"[('pizza', 2), ('veg starter', 2), ('bbq chicken', 2), ('cocktails', 3)]",40,78.828,1909,10,3.5764
ORD299779,REST1572,CUST08521,COUR3409,-37.8158225,144.9374581,2020-06-14,06:23:44,0,1,Car,"[('veg starter', 2), ('cocktails', 2)]",45,26.455,3241,8,4.3733
ORD338844,REST1946,CUST10494,COUR2553,-37.821792,144.9738299,2020-08-16,21:37:34,0,1,Bike,"[('butter naan', 1), ('yakhni pulao', 3), ('biryani', 1)]",45,48.372,4406,22,6.1333
ORD108176,REST1946,CUST13563,COUR2583,-37.8043032,144.9673419,2020-08-04,09:53:24,0,0,Car,"[('yakhni pulao', 1), ('butter naan', 1)]",0,33.16,3109,7,4.1278
ORD182989,REST2155,CUST04355,COUR2944,-37.8232434,144.9884208,2020-05-16,22:17:08,0,1,Motorbike,"[('kulfi', 1), ('butter kulcha', 1), ('sweet lassi', 2), ('thali', 1)]",0,43.52,2601,5,3.9111
ORD176251,REST2185,CUST01520,COUR0327,-37.7994579,144.9596991,2020-04-12,19:46:48,1,1,Motorbike,"[('biryani', 1), ('rajma', 2)]",10,43.722,3230,6,5.938
ORD151815,REST1572,CUST03508,COUR3207,-37.8146256,144.9382538,2020-11-25,18:07:54,1,0,Bike,"[('cocktails', 3), ('bbq chicken', 1), ('pizza', 1), ('caramel pudding', 2)]",10,74.439,3123,16,5.8021
ORD020774,REST2185,CUST01459,COUR0417,-37.8151617,144.9714535,2020-04-04,03:09:53,0,1,Motorbike,"[('protein chapati', 3), ('biryani', 1), ('sweet lassi', 2)]",0,62.3,1863,4,4.4533
ORD026835,REST1572,CUST04883,COUR2020,-37.8198301,144.97954860000004,2020-07-17,13:03:17,1,0,Bike,"[('veg starter', 1), ('pizza', 1), ('sea food', 2)]",0,63.27,1392,7,4.9944
ORD254740,REST1946,CUST06064,COUR1312,-37.8064749,144.9413413,2020-08-05,14:18:27,0,0,Car,"[('mutton pepper fry', 3), ('yakhni pulao', 1), ('chicken tenders', 3)]",40,78.14399999999999,617,1,3.5255
ORD167573,REST2185,CUST07944,COUR1163,-37.81525300000001,144.97480090000005,2020-12-07,04:01:19,0,0,Motorbike,"[('sweet lassi', 1), ('custard', 1)]",0,37.36,2020,4,2.9933
ORD102823,REST2185,CUST02533,COUR0359,-37.81168270000001,144.9393228,2020-11-08,02:54:03,0,1,Bike,"[('biryani', 2), ('shahi paneer', 1), ('rajma', 3)]",20,74.456,2432,12,7.2102
ORD240662,REST1137,CUST06772,COUR1295,-37.8039159,144.96996140000005,2020-03-07,13:42:51,1,1,Motorbike,"[('pizza', 1), ('mocktails', 2)]",0,18.53,972,2,5.4119
ORD132630,REST1572,CUST11642,COUR0200,-37.8173309,144.9522948,2020-09-02,19:19:07,1,0,Motorbike,"[('caramel pudding', 3), ('cocktails', 1), ('sea food', 2), ('bbq chicken', 3)]",0,116.29,2894,6,4.7208
ORD011896,REST1946,CUST10392,COUR3078,-37.8194384,144.97479840000003,2020-12-28,03:45:29,0,0,Motorbike,"[('biryani', 3), ('chicken tenders', 1), ('roti', 2)]",45,52.091,4486,9,4.4722
ORD278419,REST1946,CUST06851,COUR3434,-37.8059066,144.95606919999997,2020-10-12,09:41:32,0,0,Motorbike,"[('chicken tenders', 1), ('mutton pepper fry', 1), ('roti', 1)]",0,54.85,1841,4,3.8276
ORD004836,REST2185,CUST02411,COUR0424,-37.7991553,144.9806399,2020-03-25,19:34:56,1,0,Motorbike,"[('sweet lassi', 2), ('shahi paneer', 1)]",0,36.75,4078,8,5.0268
ORD087648,REST1946,CUST04373,COUR0145,-37.8184788,144.9778126,2020-01-19,04:17:08,0,1,Motorbike,"[('butter naan', 2), ('yakhni pulao', 3), ('biryani', 2), ('paneer malai tikka', 1)]",0,139.77,4510,9,5.1962
ORD306390,REST2155,CUST02845,COUR0551,-37.82084320000001,144.9919256,2020-08-24,12:23:44,1,0,Car,"[('butter kulcha', 2), ('sweet lassi', 2)]",20,34.111999999999995,2043,5,4.4319
ORD068527,REST2155,CUST07864,COUR3042,-37.8159878,144.98306430000005,2020-01-20,10:09:13,0,0,Bike,"[('sweet lassi', 3), ('butter kulcha', 2)]",0,47.94,2506,13,3.6995
ORD310616,REST2185,CUST08527,COUR0717,-37.8159777,144.93830060000005,2020-10-31,07:50:46,0,1,Car,"[('rajma', 2), ('sweet lassi', 1), ('protein chapati', 3)]",0,59.36,2481,6,4.5268
ORD172149,REST2155,CUST05031,COUR0116,-37.809592,144.9726055,2020-01-06,19:34:56,1,0,Bike,"[('butter kulcha', 2), ('thali', 3)]",20,50.496,3006,15,5.4499
ORD116900,REST2155,CUST05037,COUR3444,-37.80942810000001,144.9726966,2020-10-13,04:25:03,0,0,Motorbike,"[('palak paneer', 1), ('butter kulcha', 2)]",0,44.44,2983,6,3.3933
ORD090180,REST1137,CUST12340,COUR3075,-37.81134229999999,144.96567040000005,2020-04-19,12:35:36,1,1,Car,"[('gulab jamun', 3), ('murgh ghee roast', 1), ('fish', 1)]",45,43.978,866,2,5.5476
ORD003017,REST2185,CUST01374,COUR4589,-37.7988615,144.9578438,2020-03-03,00:11:52,0,0,Car,"[('shahi paneer', 1), ('biryani', 2), ('rajma', 3), ('custard', 3)]",0,165.91,3062,7,1.7745
ORD301007,REST2155,CUST08307,COUR4791,-37.8108636,144.94771509999995,2020-05-18,07:58:40,0,0,Bike,"[('cheese naan', 2), ('biryani', 3), ('sweet lassi', 3), ('thali', 2)]",0,105.69,5579,28,8.47965
ORD327315,REST1137,CUST03572,COUR0477,-37.8022099,144.9605892,2020-01-19,22:32:58,0,1,Motorbike,"[('crispy corn', 1), ('murgh ghee roast', 3), ('fish', 1)]",0,42.12,1850,4,4.0428
ORD154153,REST1946,CUST13790,COUR4114,-37.8104333,144.9681553,2020-03-04,03:57:21,0,0,Motorbike,"[('roti', 3), ('paneer malai tikka', 2), ('butter naan', 2)]",0,128.92,3228,6,3.7013
ORD230344,REST2155,CUST04632,COUR3873,-37.8031878,144.93671709999995,2020-01-30,09:53:24,0,0,Bike,"[('cheese naan', 1), ('thali', 3), ('kulfi', 3), ('biryani', 3)]",45,52.662,6566,33,6.0927
ORD311891,REST2185,CUST12572,COUR4480,-37.8187551,144.95323,2020-02-07,13:54:43,1,0,Car,"[('rajma', 1), ('biryani', 2)]",45,29.215999999999998,662,2,4.4804
ORD244574,REST2185,CUST08275,COUR0045,-37.8206648,144.95666730000005,2020-07-23,18:51:25,1,0,Car,"[('protein chapati', 2), ('custard', 3)]",0,84.12,416,1,4.5909
ORD260902,REST2155,CUST03326,COUR1116,-37.8033326,144.95250159999995,2020-07-03,13:58:40,1,0,Motorbike,"[('thali', 1), ('cheese naan', 3), ('biryani', 1)]",0,89.43,4762,10,2.4585
ORD077380,REST2185,CUST01512,COUR3653,-37.8181049,144.9495904,2020-06-05,09:17:48,0,0,Motorbike,"[('protein chapati', 2), ('rajma', 3), ('biryani', 2), ('shahi paneer', 1)]",10,93.915,1064,2,3.2008
ORD064047,REST2185,CUST03823,COUR3198,-37.8038741,145.0152661,2020-03-06,03:25:42,0,0,Bike,"[('custard', 1), ('jeera rice', 3), ('sweet lassi', 1), ('shahi paneer', 2)]",0,79.6,6597,33,5.7877
ORD160605,REST2185,CUST11826,COUR0497,-37.8148204,144.9592124,2020-03-13,23:16:29,0,0,Motorbike,"[('protein chapati', 1), ('custard', 3), ('shahi paneer', 3), ('rajma', 2)]",10,125.649,7295,15,4.0619
ORD005135,REST2185,CUST04047,COUR4788,-37.8191505,144.98226110000004,2020-01-15,18:23:44,1,0,Bike,"[('rajma', 1), ('protein chapati', 2), ('biryani', 3)]",40,50.172,2535,13,5.4873
ORD091386,REST1137,CUST00440,COUR2101,-37.8169077,144.9520437,2020-05-02,03:33:37,0,1,Car,"[('chicken biryani', 3), ('murgh ghee roast', 2), ('pizza', 1), ('cocktails', 1)]",0,89.77,3544,9,4.8105
ORD067337,REST2185,CUST03858,COUR2471,-37.8136133,144.98627380000005,2020-07-30,03:33:37,0,0,Car,"[('rajma', 1), ('protein chapati', 3), ('biryani', 2), ('shahi paneer', 2)]",0,91.22,3200,8,3.1357
ORD121108,REST1137,CUST08941,COUR0423,-37.8009874,144.992572,2020-04-17,23:44:10,0,0,Motorbike,"[('mocktails', 3), ('chicken kebab', 1), ('pizza', 3)]",10,43.083,2787,6,3.4949
ORD119074,REST1572,CUST11787,COUR3683,-37.80427750000001,144.96893630000002,2020-02-13,12:03:57,1,0,Bike,"[('sea food', 1), ('veg starter', 2), ('cocktails', 2)]",40,35.364000000000004,2029,10,5.1293
ORD166155,REST1572,CUST06259,COUR0313,-37.8069753,144.9569695,2020-12-03,10:13:11,0,0,Motorbike,"[('wedges', 3), ('sea food', 2)]",0,79.13,1792,4,3.0687
ORD303743,REST1946,CUST10904,COUR3697,-37.807145,144.9487854,2020-08-28,16:32:58,0,0,Bike,"[('butter naan', 2), ('yakhni pulao', 1), ('paneer malai tikka', 2)]",0,94.61,1212,6,3.9393
ORD044422,REST2155,CUST12679,COUR3342,-37.8034219,144.94998130000005,2020-11-23,06:23:44,0,0,Bike,"[('cheese naan', 2), ('thali', 2)]",0,68.76,5102,26,8.25855
ORD253589,REST2155,CUST05899,COUR2777,-37.799476,144.9552516,2020-02-26,18:11:52,1,0,Bike,"[('cheese naan', 3), ('kulfi', 1), ('butter kulcha', 3), ('thali', 1)]",40,82.212,4821,24,6.5104
ORD234561,REST1137,CUST07288,COUR1919,-37.8222909,144.9498048,2020-03-28,00:31:38,0,1,Motorbike,"[('chicken kebab', 3), ('momos', 3), ('chicken biryani', 2)]",0,98.29,3143,6,4.3718
ORD017828,REST1946,CUST08665,COUR1351,-37.8015463,144.9623573,2020-10-11,00:23:44,0,1,Car,"[('roti', 3), ('mutton pepper fry', 1), ('biryani', 1)]",10,81.882,2872,7,5.2245
ORD144965,REST1137,CUST10930,COUR0932,-37.8035651,144.9672031,2020-05-12,00:51:25,0,0,Bike,"[('fish', 3), ('chicken biryani', 1)]",0,35.39,1334,7,3.4677
ORD049119,REST1572,CUST00770,COUR4513,-37.797684,144.94127969999997,2020-01-08,11:48:07,0,0,Bike,"[('caramel pudding', 1), ('mocktails', 3), ('veg starter', 3), ('sea food', 3)]",10,146.439,3581,18,4.1793
ORD217689,REST2155,CUST10785,COUR0192,-37.808564200000006,144.9611915,2020-11-15,20:26:22,0,1,Bike,"[('biryani', 3), ('thali', 2)]",0,41.75,4108,21,5.9576
ORD217587,REST1137,CUST04880,COUR0503,-37.8196171,144.9791999,2020-01-18,00:19:46,0,1,Car,"[('cocktails', 1), ('chicken biryani', 2), ('gulab jamun', 1)]",10,71.811,1879,5,4.2998
ORD156607,REST2185,CUST03190,COUR4425,-37.8088654,144.9291692,2020-08-22,19:03:17,1,1,Bike,"[('rajma', 1), ('protein chapati', 1), ('jeera rice', 1)]",10,24.605999999999998,3293,16,6.7728
ORD332397,REST2185,CUST13303,COUR3409,-37.8007415,144.95861010000004,2020-01-17,09:53:24,0,0,Car,"[('biryani', 3), ('sweet lassi', 3), ('protein chapati', 2)]",45,59.498999999999995,2965,7,3.6014
ORD342355,REST1946,CUST13079,COUR3043,-37.82230420000001,144.96834840000002,2020-02-09,01:23:04,0,1,Bike,"[('mutton pepper fry', 1), ('roti', 3), ('chicken tenders', 3)]",10,108.51299999999999,4021,20,6.3354
ORD182566,REST1137,CUST08768,COUR3921,-37.8138149,144.982929,2020-06-01,23:08:34,0,0,Bike,"[('pizza', 1), ('mocktails', 1), ('chicken biryani', 3), ('crispy corn', 2)]",40,60.821999999999996,1483,7,2.9231
ORD249737,REST1946,CUST00096,COUR4665,-37.8254142,144.99564719999995,2020-09-05,22:44:50,0,1,Bike,"[('roti', 1), ('chicken tenders', 1)]",40,19.715999999999998,6314,32,7.6747
ORD193494,REST2155,CUST11568,COUR3824,-37.8006615,144.98556100000005,2020-04-26,21:37:34,0,1,Motorbike,"[('cheese naan', 3), ('biryani', 1), ('butter kulcha', 2)]",0,111.11,2588,5,3.9589999999999996
ORD252720,REST1946,CUST08164,COUR1886,-37.814451700000006,145.0076823,2020-05-24,11:52:05,0,1,Car,"[('butter naan', 1), ('mutton pepper fry', 2)]",40,34.218,6793,16,5.9919
ORD160329,REST2185,CUST02548,COUR4093,-37.8035448,145.003545,2020-03-18,06:19:46,0,0,Bike,"[('sweet lassi', 1), ('biryani', 1)]",20,25.84,5517,28,5.7885
ORD034136,REST1946,CUST13899,COUR1586,-37.81156729999999,144.9648796,2020-09-04,19:30:59,1,0,Car,"[('biryani', 2), ('paneer malai tikka', 2), ('chicken tenders', 3), ('yakhni pulao', 3)]",0,182.03,3016,7,5.1036
ORD114697,REST1137,CUST01553,COUR0409,-37.8130824,144.9927179,2020-05-08,07:07:15,0,0,Bike,"[('gulab jamun', 1), ('cocktails', 2)]",0,70.36,2250,11,3.84
ORD301490,REST1946,CUST07618,COUR0134,-37.8139192,144.9379022,2020-06-21,01:23:04,0,1,Car,"[('yakhni pulao', 3), ('mutton pepper fry', 1)]",10,74.08800000000001,1250,3,4.5043
ORD348728,REST2155,CUST11797,COUR3439,-37.8093611,144.9645195,2020-04-22,05:24:23,0,0,Bike,"[('biryani', 3), ('thali', 1), ('cheese naan', 2)]",0,79.43,3607,18,4.263999999999999
ORD140383,REST1137,CUST00069,COUR4840,-37.8057117,144.9772225,2020-06-23,23:08:34,0,0,Motorbike,"[('momos', 3), ('cocktails', 3), ('pizza', 3)]",0,116.94,922,2,2.3563
ORD283697,REST1572,CUST07645,COUR1112,-37.8134231,144.9412206,2020-02-10,19:11:12,1,0,Car,"[('sea food', 3), ('caramel pudding', 3)]",0,73.8,2852,7,4.6258
ORD320643,REST2155,CUST02050,COUR2371,-37.8022837,144.95134919999995,2020-05-19,08:46:09,0,0,Motorbike,"[('kulfi', 3), ('palak paneer', 2), ('sweet lassi', 1)]",0,49.72,4981,10,3.5139
ORD336007,REST2185,CUST03103,COUR3681,-37.8130736,144.9858413,2020-09-22,03:29:40,0,0,Motorbike,"[('custard', 3), ('sweet lassi', 3), ('protein chapati', 3)]",20,103.2,3138,6,3.395
ORD050722,REST2155,CUST00052,COUR0233,-37.8095985,144.9345653,2020-01-11,04:05:16,0,1,Bike,"[('sweet lassi', 3), ('thali', 3)]",0,46.98,6520,33,7.1471
ORD183614,REST2155,CUST07995,COUR2941,-37.8196257,145.01002319999995,2020-11-29,03:17:48,0,1,Bike,"[('thali', 1), ('butter kulcha', 2)]",40,25.44,1460,7,4.3384
ORD081996,REST1946,CUST08100,COUR4330,-37.8189706,145.0025804,2020-02-23,16:09:13,0,1,Car,"[('paneer malai tikka', 2), ('roti', 2), ('mutton pepper fry', 3)]",0,150.65,6590,16,6.1417
ORD095661,REST2185,CUST03098,COUR4423,-37.8137898,144.98307350000005,2020-04-12,08:22:25,0,1,Bike,"[('shahi paneer', 1), ('jeera rice', 2), ('rajma', 1), ('sweet lassi', 1)]",10,47.151,2858,14,5.1592
ORD101387,REST2155,CUST09391,COUR2516,-37.8081942,144.96046280000004,2020-02-17,09:37:34,0,0,Car,"[('thali', 1), ('kulfi', 2), ('sweet lassi', 2)]",20,27.232,3984,10,3.7956
ORD266564,REST2155,CUST07187,COUR2171,-37.8037623,144.94210269999996,2020-04-01,08:26:22,0,0,Bike,"[('thali', 1), ('butter kulcha', 3)]",0,58.42,5672,28,5.0803
ORD145396,REST2155,CUST02530,COUR3741,-37.8122644,144.937572,2020-07-19,08:18:27,0,1,Car,"[('palak paneer', 3), ('cheese naan', 1), ('thali', 2)]",0,81.94,6248,15,5.0411
ORD182076,REST1946,CUST10747,COUR0483,-37.8104918,144.98501919999995,2020-10-20,23:00:39,0,0,Bike,"[('paneer malai tikka', 3), ('butter naan', 3), ('mutton pepper fry', 2)]",0,155.73,4554,23,5.6841
ORD029323,REST1137,CUST13844,COUR1205,-37.8171566,144.9646434,2020-09-15,20:06:35,0,0,Car,"[('murgh ghee roast', 2), ('pizza', 3), ('chicken kebab', 2)]",10,45.783,1700,4,3.2442
ORD133632,REST2185,CUST13594,COUR3026,-37.8030732,144.9631453,2020-08-10,22:29:00,0,0,Car,"[('protein chapati', 3), ('biryani', 1)]",0,36.14,2989,7,3.3399
ORD327271,REST2185,CUST05985,COUR4648,-37.8196174,144.9687616,2020-06-03,20:06:35,0,0,Motorbike,"[('rajma', 3), ('protein chapati', 1), ('custard', 1), ('biryani', 3)]",10,118.458,1242,2,2.8748
ORD108556,REST1946,CUST03028,COUR3170,-37.8243024,144.9694919,2020-12-25,22:17:08,0,0,Bike,"[('paneer malai tikka', 3), ('chicken tenders', 2), ('butter naan', 2), ('yakhni pulao', 1)]",0,148.25,4227,21,5.3831
ORD187382,REST2155,CUST09947,COUR0671,-37.8188059,144.9524243,2020-10-12,00:43:30,0,0,Bike,"[('palak paneer', 1), ('thali', 3)]",0,43.48,5179,26,5.0321
ORD244264,REST1137,CUST09246,COUR1155,-37.8115055,144.964713,2020-03-17,16:05:16,0,0,Bike,"[('crispy corn', 1), ('chicken biryani', 3), ('gulab jamun', 3)]",0,137.95,965,5,2.8988
ORD330183,REST1137,CUST04950,COUR1689,-37.812169,144.9737831,2020-11-24,05:36:15,0,0,Car,"[('murgh ghee roast', 2), ('cocktails', 2)]",0,58.3,674,2,2.7826
ORD287405,REST1137,CUST12222,COUR0660,-37.8207258,144.9415323,2020-11-29,01:15:09,0,1,Bike,"[('momos', 1), ('pizza', 1), ('fish', 1), ('gulab jamun', 1)]",0,44.23,3527,18,5.3226
ORD138199,REST2155,CUST13911,COUR1907,-37.8094863,144.9639495,2020-07-18,04:44:50,0,1,Motorbike,"[('butter kulcha', 1), ('cheese naan', 3), ('thali', 3), ('biryani', 2)]",45,73.249,3664,7,4.3915
ORD331774,REST2185,CUST05858,COUR3416,-37.8077318,144.94257230000005,2020-01-08,14:34:17,0,0,Car,"[('rajma', 1), ('shahi paneer', 3), ('custard', 1)]",0,70.73,2369,6,3.1394
ORD175661,REST2155,CUST04120,COUR1275,-37.8205542,144.984997,2020-12-28,22:01:19,0,0,Bike,"[('biryani', 3), ('sweet lassi', 1), ('cheese naan', 1)]",45,27.693,2666,13,3.9282
ORD212394,REST1946,CUST00387,COUR2357,-37.82112120000001,144.955198,2020-03-05,07:34:56,0,0,Motorbike,"[('mutton pepper fry', 3), ('chicken tenders', 2), ('roti', 1)]",0,113.55,2548,5,3.8133
ORD300840,REST1137,CUST13073,COUR1552,-37.8234977,144.9687022,2020-08-30,16:29:00,0,1,Car,"[('momos', 1), ('murgh ghee roast', 1)]",0,15.12,2306,6,4.1124
ORD335750,REST1572,CUST08587,COUR3616,-37.8207581,144.96189740000003,2020-04-22,08:18:27,0,0,Motorbike,"[('mocktails', 2), ('wedges', 1), ('cocktails', 3), ('sea food', 3)]",0,108.29,617,1,2.7310000000000003
ORD231625,REST1946,CUST12527,COUR1513,-37.8187378,144.95324130000003,2020-03-21,23:52:05,0,1,Bike,"[('chicken tenders', 1), ('roti', 3), ('paneer malai tikka', 1), ('yakhni pulao', 1)]",0,113.45,2259,11,2.5794
ORD156123,REST1946,CUST12479,COUR3495,-37.81903370000001,144.95244630000005,2020-12-24,20:50:06,0,0,Motorbike,"[('paneer malai tikka', 2), ('chicken tenders', 3), ('biryani', 1)]",0,107.13,2185,4,4.0177
ORD123195,REST2185,CUST11968,COUR1809,-37.8196042,144.9902635,2020-09-15,06:51:25,0,0,Car,"[('biryani', 1), ('sweet lassi', 2)]",45,24.959,3320,8,3.8176
ORD118763,REST2185,CUST07748,COUR1936,-37.8187901,144.9529565,2020-01-16,01:03:17,0,0,Car,"[('shahi paneer', 3), ('custard', 2)]",0,80.33,691,2,2.8095
ORD020517,REST1946,CUST01085,COUR1027,-37.8124455,145.0151244,2020-11-14,02:10:32,0,1,Bike,"[('butter naan', 1), ('biryani', 2)]",0,42.19,7629,38,8.4019
ORD091024,REST1572,CUST12323,COUR0844,-37.8166359,144.95865890000005,2020-05-12,14:46:09,0,0,Car,"[('mocktails', 1), ('sea food', 3), ('pizza', 1), ('wedges', 2)]",0,113.96,883,2,3.3238
ORD097349,REST1572,CUST10962,COUR0600,-37.808466,144.9480456,2020-09-19,09:09:53,0,1,Car,"[('sea food', 3), ('bbq chicken', 3), ('mocktails', 3)]",20,112.77600000000001,2471,6,3.8915
ORD044759,REST1137,CUST07521,COUR4050,-37.8173862,144.94593830000005,2020-01-11,23:36:15,0,1,Car,"[('cocktails', 2), ('chicken biryani', 1)]",0,64.19,3131,8,4.2825
ORD098555,REST1572,CUST01460,COUR3564,-37.8144084,144.9715494,2020-05-01,15:37:34,0,0,Car,"[('caramel pudding', 2), ('cocktails', 2)]",45,21.098000000000003,790,2,3.0894
ORD060671,REST2185,CUST12214,COUR4211,-37.8243312,144.95246880000005,2020-04-01,12:43:30,1,0,Motorbike,"[('biryani', 2), ('custard', 3), ('jeera rice', 1)]",0,118.3,784,2,4.468
ORD098966,REST1572,CUST05267,COUR1252,-37.8178838,144.9678476,2020-09-25,00:35:36,0,0,Motorbike,"[('caramel pudding', 3), ('cocktails', 1), ('wedges', 2)]",40,51.0,224,0,2.8045
ORD134408,REST2155,CUST01154,COUR2920,-37.80698029999999,145.0147676,2020-07-10,19:46:48,1,0,Bike,"[('palak paneer', 1), ('butter kulcha', 2)]",0,44.44,1322,7,4.8841
ORD281905,REST2185,CUST06952,COUR3771,-37.8062667,144.9599949,2020-05-17,08:46:09,0,1,Car,"[('rajma', 3), ('jeera rice', 3)]",10,58.59,2495,6,4.493
ORD034783,REST1572,CUST05106,COUR1416,-37.82093270000001,144.95481619999995,2020-07-21,00:15:49,0,0,Motorbike,"[('caramel pudding', 3), ('sea food', 2)]",45,34.628,1061,2,3.1843
ORD290549,REST1946,CUST00650,COUR1132,-37.8090911,144.94620790000005,2020-01-22,09:29:40,0,0,Car,"[('butter naan', 3), ('yakhni pulao', 1), ('paneer malai tikka', 1), ('biryani', 2)]",10,101.34,1092,3,3.4636
ORD079493,REST1137,CUST13896,COUR0267,-37.8134589,144.96572869999997,2020-07-28,23:04:36,0,0,Car,"[('crispy corn', 3), ('pizza', 3)]",0,75.63,1132,3,2.7441
ORD330080,REST2185,CUST01263,COUR2887,-37.8002338,144.9770628,2020-11-02,06:55:23,0,0,Car,"[('rajma', 3), ('protein chapati', 3), ('biryani', 1), ('custard', 2)]",0,128.74,3718,9,3.5436
ORD159533,REST1572,CUST09667,COUR4359,-37.8106368,144.9605957,2020-10-30,15:13:50,0,0,Motorbike,"[('cocktails', 1), ('caramel pudding', 2)]",20,26.351999999999997,1082,2,2.6229
ORD250264,REST2155,CUST09994,COUR2215,-37.7999208,144.9878654,2020-12-19,02:22:25,0,1,Motorbike,"[('butter kulcha', 3), ('sweet lassi', 1), ('cheese naan', 2)]",45,55.77,2605,5,3.8506
ORD129838,REST2155,CUST04254,COUR0284,-37.8246758,144.9890462,2020-03-02,06:07:54,0,0,Motorbike,"[('kulfi', 3), ('cheese naan', 2), ('sweet lassi', 2)]",45,43.043,2705,5,3.1936
ORD211156,REST1137,CUST06725,COUR3359,-37.8070286,144.9709445,2020-09-29,08:22:25,0,0,Bike,"[('chicken kebab', 1), ('pizza', 1), ('momos', 1), ('gulab jamun', 3)]",45,52.503,581,3,2.8209
ORD233502,REST1572,CUST04942,COUR3405,-37.8121156,144.9737584,2020-10-31,19:15:09,1,1,Car,"[('bbq chicken', 3), ('veg starter', 1)]",20,53.232,1197,3,8.1597
ORD175532,REST2155,CUST12136,COUR4088,-37.8122409,144.9638955,2020-02-02,01:50:46,0,1,Car,"[('palak paneer', 3), ('cheese naan', 3), ('thali', 3)]",45,77.187,3856,9,4.2949
ORD140965,REST2155,CUST12712,COUR2103,-37.8123258,144.9735736,2020-09-05,13:19:07,1,1,Car,"[('butter kulcha', 3), ('cheese naan', 2)]",0,96.1,3079,7,5.8991
ORD310698,REST1572,CUST12195,COUR0159,-37.8016526,144.9632253,2020-11-13,19:42:51,1,0,Bike,"[('veg starter', 2), ('caramel pudding', 3), ('cocktails', 1), ('mocktails', 2)]",20,99.456,2020,10,5.1455
ORD313105,REST2155,CUST13884,COUR2972,-37.818112,144.97000930000004,2020-10-04,18:55:23,1,1,Bike,"[('kulfi', 2), ('thali', 2), ('biryani', 2)]",0,47.82,3657,18,6.848
ORD311724,REST1946,CUST06287,COUR3804,-37.8072412,144.9574337,2020-04-14,20:26:22,0,0,Bike,"[('paneer malai tikka', 3), ('biryani', 2), ('roti', 1), ('mutton pepper fry', 2)]",10,147.474,2099,10,4.2571
ORD293685,REST1137,CUST07220,COUR0574,-37.802826,144.9479941,2020-08-07,11:32:18,0,0,Motorbike,"[('gulab jamun', 1), ('crispy corn', 3), ('chicken biryani', 2), ('cocktails', 1)]",45,76.52199999999999,2730,5,2.8288
ORD324530,REST1572,CUST12245,COUR4606,-37.8070107,144.9490826,2020-05-04,16:36:55,0,0,Car,"[('bbq chicken', 1), ('veg starter', 1), ('caramel pudding', 1), ('mocktails', 2)]",10,79.848,2425,6,3.5541
ORD309591,REST2155,CUST05788,COUR2162,-37.8096335,144.9382814,2020-09-17,07:50:46,0,0,Motorbike,"[('butter kulcha', 3), ('cheese naan', 2)]",20,76.88,6628,13,4.0792
ORD344078,REST1946,CUST11205,COUR2829,-37.8007405,144.9439472,2020-05-13,23:48:07,0,0,Bike,"[('roti', 2), ('biryani', 1), ('chicken tenders', 1), ('yakhni pulao', 2)]",0,105.79,1129,6,4.0313
ORD257346,REST2155,CUST10450,COUR1643,-37.7997479,144.9631858,2020-06-18,13:27:01,1,0,Car,"[('sweet lassi', 3), ('butter kulcha', 1)]",10,28.728,4404,11,4.9411
ORD158264,REST2185,CUST08702,COUR2150,-37.8248196,144.92826680000005,2020-11-11,03:37:34,0,0,Car,"[('protein chapati', 3), ('rajma', 2), ('sweet lassi', 1)]",40,35.616,8700,21,4.8407
ORD274714,REST1137,CUST01717,COUR4054,-37.7995122,144.93699130000005,2020-12-22,18:31:38,1,0,Motorbike,"[('pizza', 3), ('gulab jamun', 2), ('crispy corn', 3), ('chicken biryani', 3)]",0,171.02,3837,8,4.9081
ORD078501,REST2155,CUST12197,COUR0554,-37.8016955,144.96357519999995,2020-01-18,08:22:25,0,1,Bike,"[('sweet lassi', 2), ('cheese naan', 3), ('palak paneer', 3)]",20,95.88799999999999,4154,21,5.6801
ORD309436,REST1137,CUST05901,COUR2326,-37.799771,144.9750334,2020-05-05,08:14:30,0,0,Motorbike,"[('chicken biryani', 1), ('crispy corn', 2), ('fish', 2)]",20,54.952,1426,3,2.8572
ORD191723,REST1137,CUST11806,COUR1133,-37.822562,144.9582048,2020-06-23,18:27:41,1,0,Motorbike,"[('chicken biryani', 2), ('fish', 2)]",45,25.156999999999996,2746,5,4.7211
ORD327684,REST1137,CUST02030,COUR1383,-37.8012765,144.9491295,2020-11-15,02:06:35,0,1,Car,"[('mocktails', 3), ('fish', 3)]",20,30.744,2786,7,4.2334
ORD024824,REST1946,CUST08033,COUR0921,-37.8167278,145.0089773,2020-04-12,09:29:40,0,1,Bike,"[('biryani', 1), ('roti', 3)]",40,41.394,7052,35,8.134
ORD037257,REST1137,CUST05799,COUR0210,-37.8240744,144.98875769999995,2020-01-29,17:32:18,0,0,Car,"[('pizza', 1), ('chicken biryani', 2), ('momos', 2)]",40,34.902,2600,6,4.9545
ORD052031,REST1137,CUST05733,COUR2724,-37.8145205,144.9465383,2020-07-22,02:54:03,0,0,Motorbike,"[('murgh ghee roast', 1), ('pizza', 3), ('chicken kebab', 1)]",20,26.864,2770,6,2.7134
ORD331343,REST2185,CUST04049,COUR3425,-37.8191494,144.98218740000004,2020-09-03,09:29:40,0,0,Bike,"[('shahi paneer', 3), ('protein chapati', 2), ('biryani', 3), ('rajma', 2)]",0,130.07,2545,13,4.0046
ORD240112,REST1946,CUST08627,COUR4330,-37.7983009,144.9442044,2020-07-21,16:09:13,0,0,Car,"[('chicken tenders', 3), ('roti', 1)]",10,56.07,1470,4,3.5283
ORD270947,REST1572,CUST08120,COUR4004,-37.8180792,144.99466769999995,2020-08-30,11:20:26,0,1,Car,"[('veg starter', 3), ('wedges', 2), ('sea food', 3)]",0,126.71,2646,6,3.9627
ORD143436,REST1137,CUST00638,COUR4295,-37.8038083,144.9969606,2020-05-08,22:17:08,0,0,Motorbike,"[('mocktails', 2), ('chicken kebab', 2), ('momos', 2), ('chicken biryani', 1)]",10,65.781,3035,6,3.4106
ORD280104,REST1572,CUST06516,COUR4980,-37.8244881,144.98296430000005,2020-06-01,19:07:15,1,0,Bike,"[('pizza', 3), ('sea food', 2)]",45,49.808,2024,10,4.7646
ORD091946,REST2185,CUST12464,COUR4508,-37.81883079999999,144.9533814,2020-04-20,02:54:03,0,0,Bike,"[('shahi paneer', 1), ('sweet lassi', 3)]",20,39.864000000000004,634,3,3.2684
ORD024449,REST2155,CUST04205,COUR2562,-37.8240109,144.9830631,2020-08-06,09:53:24,0,0,Bike,"[('palak paneer', 1), ('biryani', 3)]",20,26.744,3126,16,3.7323
ORD030490,REST2185,CUST08123,COUR2338,-37.8179454,144.9934471,2020-02-23,00:51:25,0,1,Bike,"[('protein chapati', 1), ('rajma', 2), ('shahi paneer', 3), ('sweet lassi', 1)]",40,47.91,3592,18,5.6982
ORD273590,REST2155,CUST00125,COUR0183,-37.8097648,144.97825769999997,2020-11-23,11:24:23,0,0,Car,"[('kulfi', 1), ('biryani', 1), ('sweet lassi', 2), ('thali', 3)]",10,49.707,2460,6,3.0061
ORD272735,REST1137,CUST01145,COUR1160,-37.82400689999999,144.9534791,2020-07-17,14:06:35,0,0,Motorbike,"[('pizza', 1), ('cocktails', 1)]",0,29.22,3167,6,3.0922
ORD022121,REST1137,CUST11886,COUR2084,-37.8114192,145.0097679,2020-08-28,22:29:00,0,0,Bike,"[('momos', 2), ('gulab jamun', 1)]",10,38.07,3698,18,4.5118
ORD325559,REST2185,CUST10194,COUR1440,-37.8220093,144.96989219999998,2020-05-27,05:28:21,0,0,Bike,"[('protein chapati', 2), ('jeera rice', 1), ('sweet lassi', 3)]",20,46.032,1492,7,3.3301
ORD191031,REST1137,CUST07565,COUR1301,-37.7983586,144.9523019,2020-05-11,03:05:56,0,0,Motorbike,"[('gulab jamun', 1), ('momos', 2), ('murgh ghee roast', 3)]",0,58.38,2705,5,3.2968
ORD338175,REST1946,CUST10584,COUR0081,-37.8066068,144.9324524,2020-06-11,20:14:30,0,0,Car,"[('mutton pepper fry', 1), ('butter naan', 2)]",0,48.09,479,1,3.0104
ORD050813,REST1946,CUST13065,COUR2544,-37.8129188,144.9693111,2020-05-02,10:44:50,0,1,Motorbike,"[('paneer malai tikka', 1), ('chicken tenders', 1)]",0,38.92,3570,7,4.9814
ORD062731,REST1572,CUST12546,COUR2862,-37.8191633,144.952788,2020-03-18,08:06:35,0,0,Bike,"[('pizza', 2), ('bbq chicken', 1), ('cocktails', 2)]",10,65.457,1399,7,3.3983
ORD246596,REST1572,CUST02488,COUR4389,-37.81669760000001,144.9319125,2020-12-22,19:54:43,1,0,Bike,"[('sea food', 1), ('pizza', 1)]",0,33.8,3969,20,5.6862
ORD085668,REST2155,CUST09183,COUR2112,-37.8152858,144.9673642,2020-11-26,13:58:40,1,0,Bike,"[('sweet lassi', 3), ('palak paneer', 1), ('butter kulcha', 2)]",0,60.34,3727,19,5.7179
ORD243005,REST2155,CUST13450,COUR2711,-37.8247018,144.9821739,2020-10-27,20:14:30,0,0,Bike,"[('kulfi', 1), ('palak paneer', 3)]",0,43.74,3349,17,4.3875
ORD265545,REST2185,CUST11713,COUR4994,-37.8128953,144.99553600000004,2020-02-06,22:05:16,0,0,Motorbike,"[('shahi paneer', 2), ('biryani', 3)]",0,78.84,4128,8,3.4577
ORD313187,REST2185,CUST13907,COUR0936,-37.8104749,144.9643799,2020-04-22,18:31:38,1,0,Car,"[('custard', 3), ('rajma', 1), ('shahi paneer', 1), ('sweet lassi', 3)]",20,109.88,2120,5,4.8632
ORD026104,REST1137,CUST10002,COUR2364,-37.8042149,145.006086,2020-11-05,22:09:13,0,0,Bike,"[('chicken biryani', 2), ('chicken kebab', 1), ('pizza', 1)]",40,30.348000000000003,3847,19,4.6068
ORD012552,REST2185,CUST10292,COUR0866,-37.8168138,144.9881655,2020-05-17,14:10:32,0,1,Bike,"[('jeera rice', 1), ('protein chapati', 1)]",0,12.66,3167,16,5.0788
ORD314923,REST1946,CUST02782,COUR4170,-37.8001434,144.9677235,2020-05-13,02:06:35,0,0,Bike,"[('yakhni pulao', 1), ('butter naan', 2), ('roti', 3)]",0,100.63,3434,17,4.9799
ORD225938,REST1137,CUST06888,COUR4365,-37.8066608,144.96241469999995,2020-08-10,00:23:44,0,0,Motorbike,"[('murgh ghee roast', 3), ('chicken kebab', 3)]",0,51.87,1258,3,3.2139
ORD033419,REST1137,CUST07113,COUR2847,-37.8242638,145.0144299,2020-09-01,00:35:36,0,0,Car,"[('murgh ghee roast', 1), ('gulab jamun', 3), ('momos', 3), ('cocktails', 1)]",40,76.062,4922,12,3.7688
ORD260887,REST1137,CUST10717,COUR0348,-37.8128845,144.98480080000004,2020-04-05,14:18:27,0,1,Car,"[('mocktails', 3), ('chicken kebab', 3), ('cocktails', 1)]",20,63.38399999999999,1580,4,3.872
ORD282546,REST2185,CUST12601,COUR2995,-37.824402,144.9630551,2020-08-13,21:57:21,0,0,Motorbike,"[('jeera rice', 2), ('shahi paneer', 3)]",0,45.81,904,2,3.1866
ORD112021,REST1946,CUST01975,COUR1372,-37.8134818,144.9501435,2020-06-11,19:38:54,1,0,Car,"[('biryani', 2), ('yakhni pulao', 1), ('chicken tenders', 1), ('butter naan', 3)]",10,92.80799999999999,1708,4,5.2436
ORD049297,REST1572,CUST11459,COUR1960,-37.8159318,145.0135796,2020-02-07,02:10:32,0,0,Car,"[('veg starter', 3), ('pizza', 3), ('mocktails', 1)]",0,144.95,4607,11,3.6995
ORD266687,REST1572,CUST07946,COUR1170,-37.8142194,144.97445349999995,2020-10-01,02:18:27,0,0,Car,"[('pizza', 1), ('cocktails', 2), ('sea food', 3)]",45,36.476,936,2,1.4714
ORD112932,REST1572,CUST04988,COUR4679,-37.8106018,144.9718113,2020-08-06,19:23:04,1,0,Bike,"[('bbq chicken', 2), ('wedges', 3), ('mocktails', 1)]",0,109.57,1339,7,5.0489999999999995
ORD264847,REST1946,CUST09659,COUR4263,-37.8012882,145.0036959,2020-02-25,00:00:00,0,0,Car,"[('butter naan', 3), ('yakhni pulao', 1), ('roti', 2)]",0,95.54,6714,16,5.3349
ORD155094,REST2185,CUST09630,COUR4906,-37.8124655,144.97437390000005,2020-04-25,22:32:58,0,1,Car,"[('sweet lassi', 2), ('rajma', 1), ('custard', 2), ('shahi paneer', 1)]",0,99.99,2310,6,6.51465
ORD277719,REST1946,CUST05841,COUR3614,-37.8133613,144.9750289,2020-02-02,00:27:41,0,1,Bike,"[('butter naan', 2), ('biryani', 2)]",0,55.24,4012,20,6.3937
ORD133696,REST2185,CUST00197,COUR1128,-37.8051543,144.96910480000003,2020-02-23,19:46:48,1,1,Car,"[('protein chapati', 1), ('custard', 1), ('shahi paneer', 3), ('rajma', 2)]",45,50.078,2987,7,3.26075
ORD250306,REST2185,CUST00768,COUR2977,-37.8184589,144.9600571,2020-12-09,21:29:40,0,0,Car,"[('rajma', 2), ('jeera rice', 2)]",0,43.4,817,2,3.0939
ORD174872,REST1572,CUST11643,COUR1293,-37.8175043,144.9517968,2020-05-15,23:56:02,0,0,Motorbike,"[('sea food', 3), ('veg starter', 3), ('caramel pudding', 3), ('bbq chicken', 3)]",10,159.84,2269,5,2.9501
ORD122203,REST1946,CUST13869,COUR3644,-37.8155656,144.973465,2020-12-24,06:15:49,0,0,Bike,"[('mutton pepper fry', 2), ('roti', 1), ('yakhni pulao', 3), ('paneer malai tikka', 1)]",0,146.65,4082,20,5.4931
ORD153574,REST1572,CUST02924,COUR4187,-37.81869810000001,144.98401930000003,2020-11-23,01:23:04,0,0,Motorbike,"[('pizza', 1), ('caramel pudding', 3), ('veg starter', 3)]",0,120.13,1839,4,2.7825
ORD144081,REST2185,CUST13021,COUR0960,-37.8123295,144.95327609999995,2020-01-09,11:48:07,0,0,Car,"[('rajma', 1), ('biryani', 1), ('protein chapati', 1)]",0,39.54,1560,4,2.8424
ORD247757,REST1572,CUST12778,COUR0105,-37.81521370000001,144.9664904,2020-01-22,07:07:15,0,0,Motorbike,"[('sea food', 2), ('wedges', 2), ('veg starter', 3)]",0,115.87,406,1,2.6788
ORD078269,REST1572,CUST04943,COUR0698,-37.8120939,144.9738315,2020-07-07,03:33:37,0,0,Bike,"[('mocktails', 2), ('pizza', 1), ('bbq chicken', 1), ('wedges', 2)]",0,117.59,1191,6,3.0418
ORD023931,REST2155,CUST12119,COUR4837,-37.8132932,144.97200990000005,2020-06-20,15:25:42,0,1,Bike,"[('cheese naan', 3), ('thali', 2), ('sweet lassi', 1), ('butter kulcha', 3)]",10,131.526,3315,17,5.2257
ORD298794,REST1572,CUST06478,COUR3094,-37.81999520000001,145.0142183,2020-04-22,22:05:16,0,0,Motorbike,"[('wedges', 2), ('bbq chicken', 1), ('pizza', 2)]",0,100.19,4406,9,3.3828
ORD323957,REST1137,CUST03961,COUR0450,-37.7974511,145.0033132,2020-06-27,18:43:30,1,1,Motorbike,"[('pizza', 1), ('fish', 3), ('momos', 1)]",45,18.684,4367,9,6.0569
ORD038240,REST2185,CUST10495,COUR0305,-37.82173270000001,144.97366269999995,2020-08-19,17:56:02,0,0,Motorbike,"[('protein chapati', 1), ('shahi paneer', 1)]",0,16.23,1765,4,3.0752
ORD061383,REST2185,CUST02167,COUR2419,-37.8038209,144.94737450000005,2020-05-05,12:15:49,1,0,Bike,"[('protein chapati', 2), ('biryani', 1), ('shahi paneer', 1), ('custard', 1)]",0,65.37,2484,12,5.8287
ORD243222,REST1572,CUST07231,COUR3233,-37.82089860000001,144.9475678,2020-02-13,18:19:46,1,0,Bike,"[('caramel pudding', 3), ('mocktails', 1)]",0,61.46,1826,9,5.4237
ORD120035,REST2155,CUST04161,COUR2024,-37.8208667,144.98236169999996,2020-08-05,11:28:21,0,0,Motorbike,"[('thali', 2), ('palak paneer', 1), ('biryani', 2), ('butter kulcha', 2)]",40,47.508,2892,6,3.3504
ORD264509,REST1946,CUST03237,COUR3709,-37.8021598,144.9906112,2020-06-03,19:23:04,1,0,Car,"[('butter naan', 2), ('chicken tenders', 2), ('roti', 2), ('biryani', 2)]",0,120.96,5453,13,5.9391
ORD048539,REST1137,CUST09339,COUR1094,-37.8193386,144.9610895,2020-08-03,14:06:35,0,0,Car,"[('gulab jamun', 3), ('cocktails', 1)]",10,82.917,2189,5,2.9419
ORD165425,REST1137,CUST08632,COUR3476,-37.8006968,144.9439551,2020-09-18,10:17:08,0,0,Bike,"[('crispy corn', 2), ('murgh ghee roast', 1), ('momos', 1), ('cocktails', 2)]",10,92.03399999999999,3251,16,4.3247
ORD057868,REST1137,CUST04758,COUR0300,-37.805344700000006,144.92884030000005,2020-06-10,02:22:25,0,0,Motorbike,"[('chicken biryani', 2), ('pizza', 2), ('cocktails', 3), ('momos', 2)]",0,134.97,4448,9,3.1427
ORD206008,REST2155,CUST02191,COUR1037,-37.8062744,144.946887,2020-03-21,00:27:41,0,1,Bike,"[('biryani', 3), ('palak paneer', 3)]",0,58.23,5235,26,6.016
ORD321083,REST1137,CUST10557,COUR2487,-37.8229997,144.93749440000005,2020-03-26,06:43:30,0,0,Bike,"[('gulab jamun', 3), ('chicken biryani', 1)]",0,84.95,4478,22,4.8567
ORD068240,REST1946,CUST13743,COUR2074,-37.8169463,144.9533552,2020-05-21,23:52:05,0,0,Bike,"[('yakhni pulao', 2), ('paneer malai tikka', 1)]",0,64.42,2070,10,4.0671
ORD186516,REST2155,CUST02601,COUR4086,-37.8006469,144.9616666,2020-02-14,02:54:03,0,0,Bike,"[('butter kulcha', 3), ('cheese naan', 2), ('sweet lassi', 1), ('thali', 2)]",0,122.12,4400,22,4.8389
ORD012955,REST1137,CUST05464,COUR2869,-37.8134714,144.965322,2020-08-07,22:05:16,0,0,Bike,"[('cocktails', 3), ('chicken kebab', 3), ('murgh ghee roast', 2), ('momos', 3)]",0,147.16,1169,6,3.199
ORD175298,REST2155,CUST00742,COUR2764,-37.81334620000001,144.9623325,2020-10-02,18:51:25,1,0,Motorbike,"[('sweet lassi', 3), ('cheese naan', 1), ('thali', 3)]",10,63.9,4024,8,4.7672
ORD304012,REST1946,CUST08358,COUR2686,-37.8153034,144.9519421,2020-02-03,06:55:23,0,0,Car,"[('butter naan', 3), ('roti', 3), ('biryani', 3), ('chicken tenders', 2)]",20,133.376,1801,4,5.2458
ORD259190,REST1946,CUST05354,COUR1482,-37.8120444,144.96682880000003,2020-08-13,04:29:00,0,0,Bike,"[('yakhni pulao', 1), ('chicken tenders', 2), ('biryani', 1)]",45,35.266,3272,16,4.6326
ORD006851,REST1946,CUST11823,COUR2675,-37.8166206,144.9650588,2020-12-20,08:54:03,0,1,Motorbike,"[('paneer malai tikka', 3), ('mutton pepper fry', 3)]",0,138.57,3335,7,4.9359
ORD343094,REST1946,CUST02383,COUR2781,-37.8214145,144.9503213,2020-08-11,23:08:34,0,0,Motorbike,"[('biryani', 2), ('chicken tenders', 2), ('roti', 3), ('mutton pepper fry', 2)]",45,86.339,2559,5,3.782
ORD138919,REST1572,CUST06257,COUR4514,-37.807921,144.9577424,2020-09-28,09:13:50,0,0,Motorbike,"[('pizza', 2), ('sea food', 1), ('caramel pudding', 2)]",20,67.42399999999999,1602,3,3.0041
ORD135705,REST1572,CUST11162,COUR4894,-37.8028513,144.9473439,2020-05-17,23:00:39,0,1,Bike,"[('caramel pudding', 2), ('veg starter', 3)]",0,83.41,2769,14,5.0289
ORD056835,REST1137,CUST06363,COUR1996,-37.8152346,144.94609340000005,2020-04-08,02:18:27,0,0,Bike,"[('momos', 2), ('murgh ghee roast', 3)]",10,32.04,2878,14,4.0067
ORD137634,REST2185,CUST11639,COUR1048,-37.817031,144.9520465,2020-02-19,20:46:09,0,0,Motorbike,"[('shahi paneer', 3), ('sweet lassi', 3), ('protein chapati', 2), ('jeera rice', 3)]",10,93.015,2865,6,3.1808
ORD232733,REST1572,CUST11869,COUR3955,-37.8105551,145.0006641,2020-05-05,23:00:39,0,0,Car,"[('pizza', 2), ('mocktails', 3), ('sea food', 1), ('veg starter', 1)]",0,135.93,3521,8,3.3893
ORD000565,REST2155,CUST07775,COUR0609,-37.8135271,144.965125,2020-05-30,05:08:34,0,1,Bike,"[('palak paneer', 2), ('cheese naan', 2)]",0,72.84,3867,19,5.5896
ORD246697,REST1946,CUST08123,COUR2426,-37.8179454,144.9934471,2020-04-06,01:27:01,0,0,Motorbike,"[('roti', 3), ('paneer malai tikka', 1), ('yakhni pulao', 3), ('biryani', 1)]",45,84.436,5770,12,4.5237
ORD312935,REST1137,CUST01711,COUR2568,-37.8211073,145.00157919999995,2020-08-31,10:13:11,0,0,Bike,"[('momos', 3), ('pizza', 1), ('fish', 3), ('chicken biryani', 2)]",45,47.691,3594,18,4.2726
ORD073109,REST1137,CUST02018,COUR0453,-37.8027506,144.950142,2020-05-30,02:50:06,0,1,Motorbike,"[('pizza', 1), ('murgh ghee roast', 3)]",0,21.51,2582,5,4.0965
ORD246281,REST1572,CUST09515,COUR0553,-37.8098294,144.9938236,2020-08-11,05:12:31,0,0,Car,"[('veg starter', 1), ('pizza', 3), ('caramel pudding', 1), ('cocktails', 2)]",40,67.266,2911,7,3.1055
ORD152405,REST2185,CUST01445,COUR2977,-37.81029829999999,144.968826,2020-08-04,11:28:21,0,0,Car,"[('protein chapati', 3), ('custard', 2), ('jeera rice', 2), ('shahi paneer', 2)]",0,100.7,2383,6,3.8729
ORD093548,REST2185,CUST09608,COUR2463,-37.8217698,144.9368437,2020-05-04,19:54:43,1,0,Motorbike,"[('jeera rice', 3), ('biryani', 3)]",0,78.72,1888,4,4.7379
ORD293536,REST2185,CUST07236,COUR4781,-37.8209493,144.9474302,2020-12-29,15:37:34,0,0,Bike,"[('protein chapati', 3), ('shahi paneer', 1), ('sweet lassi', 1), ('biryani', 3)]",40,58.95,1055,5,3.5822
ORD216636,REST1572,CUST04200,COUR3755,-37.82395800000001,144.9825495,2020-04-25,21:13:50,0,1,Motorbike,"[('sea food', 2), ('caramel pudding', 2), ('cocktails', 2)]",0,60.04,1841,4,3.7424
ORD051265,REST2185,CUST10446,COUR3798,-37.8199328,144.9323719,2020-02-14,18:27:41,1,0,Motorbike,"[('custard', 3), ('sweet lassi', 2), ('protein chapati', 1), ('biryani', 3)]",0,162.3,2445,5,4.7562
ORD248325,REST1946,CUST08601,COUR2477,-37.8244809,144.9594236,2020-10-06,14:02:38,0,0,Bike,"[('chicken tenders', 1), ('biryani', 1), ('paneer malai tikka', 3), ('butter naan', 2)]",0,127.99,3685,18,5.011
ORD140377,REST2185,CUST04413,COUR0157,-37.8246718,144.9456712,2020-03-08,04:21:05,0,1,Car,"[('biryani', 2), ('jeera rice', 3), ('custard', 1), ('shahi paneer', 3)]",40,69.33,1027,2,4.0151
ORD343279,REST2155,CUST08828,COUR0041,-37.82003,144.92037,2020-05-11,07:23:04,0,0,Motorbike,"[('kulfi', 2), ('butter kulcha', 3), ('cheese naan', 3), ('thali', 2)]",0,153.92,8212,16,4.1468
ORD155534,REST1137,CUST00613,COUR1984,-37.81477320000001,144.9574037,2020-06-23,10:29:00,0,0,Motorbike,"[('crispy corn', 2), ('murgh ghee roast', 1), ('cocktails', 1)]",0,68.71,1785,4,2.7727
ORD332920,REST2155,CUST07823,COUR1699,-37.8166106,144.98671519999996,2020-03-03,21:41:32,0,0,Car,"[('sweet lassi', 2), ('biryani', 1)]",40,10.565999999999999,2182,5,3.0956
ORD164050,REST2185,CUST13159,COUR2326,-37.8147729,144.9401185,2020-08-14,00:55:23,0,0,Motorbike,"[('jeera rice', 1), ('protein chapati', 1), ('custard', 1)]",40,22.164,2274,5,4.5874500000000005
ORD027500,REST2155,CUST02842,COUR0277,-37.8190021,144.9919706,2020-10-09,00:11:52,0,0,Bike,"[('palak paneer', 1), ('thali', 1), ('sweet lassi', 1), ('biryani', 1)]",45,19.289,1888,9,3.1827
ORD270533,REST2185,CUST02236,COUR3531,-37.81795220000001,144.96682130000005,2020-04-08,16:48:47,0,0,Car,"[('shahi paneer', 2), ('protein chapati', 1), ('rajma', 2)]",0,56.18,1243,3,3.2043
ORD039723,REST1137,CUST07626,COUR3464,-37.8128989,144.94048519999996,2020-08-20,13:15:09,1,0,Bike,"[('chicken kebab', 3), ('fish', 2), ('cocktails', 1)]",45,39.655,3558,18,5.9482
ORD017182,REST2155,CUST05092,COUR2062,-37.8209023,144.95494219999995,2020-12-08,11:28:21,0,0,Motorbike,"[('sweet lassi', 3), ('cheese naan', 1), ('kulfi', 2)]",10,47.7,4891,10,3.3819999999999997
ORD154537,REST1572,CUST01203,COUR0478,-37.8033005,144.9895772,2020-12-09,16:21:05,0,0,Car,"[('caramel pudding', 1), ('pizza', 3)]",0,82.64,3152,8,3.3588
ORD083302,REST1572,CUST00901,COUR2621,-37.8267979,144.98221759999996,2020-08-10,11:32:18,0,0,Car,"[('pizza', 2), ('veg starter', 3), ('wedges', 1), ('mocktails', 2)]",10,145.188,1953,5,3.0141
ORD086615,REST1572,CUST06286,COUR4250,-37.8072938,144.9564787,2020-08-27,21:01:58,0,0,Car,"[('mocktails', 3), ('wedges', 3), ('veg starter', 1)]",45,75.141,1778,4,2.9887
ORD344315,REST2185,CUST00299,COUR4559,-37.8001034,144.9610721,2020-05-30,09:53:24,0,1,Bike,"[('custard', 1), ('rajma', 1), ('protein chapati', 1)]",10,40.14,3184,16,5.0489999999999995
ORD002323,REST1137,CUST00849,COUR0799,-37.8000381,145.0000366,2020-07-06,11:48:07,0,0,Bike,"[('gulab jamun', 2), ('chicken kebab', 3)]",40,48.81,3561,18,4.3752
ORD099507,REST2155,CUST01349,COUR4401,-37.8203864,144.9753197,2020-05-21,20:18:27,0,0,Bike,"[('butter kulcha', 1), ('biryani', 2)]",10,27.035999999999998,3681,18,3.9587
ORD342941,REST1572,CUST00975,COUR0984,-37.8113564,144.96417230000003,2020-10-01,13:23:04,1,0,Motorbike,"[('mocktails', 2), ('bbq chicken', 1), ('sea food', 1), ('wedges', 3)]",0,124.62,896,2,3.9944
ORD049876,REST2185,CUST06786,COUR0842,-37.8049643,144.970646,2020-11-02,14:14:30,0,0,Car,"[('rajma', 1), ('custard', 1)]",20,31.168000000000003,3440,8,3.3719
ORD085767,REST2185,CUST10742,COUR0728,-37.8132194,144.9904666,2020-05-27,10:52:44,0,0,Bike,"[('shahi paneer', 3), ('jeera rice', 2)]",0,45.81,3630,18,4.4401
ORD299926,REST1572,CUST01056,COUR1985,-37.8332672,144.9912618,2020-09-10,22:48:47,0,0,Motorbike,"[('veg starter', 1), ('sea food', 2), ('mocktails', 3)]",0,100.85,3070,6,3.0864
ORD215656,REST1137,CUST05955,COUR1345,-37.8203127,144.9655996,2020-04-15,05:28:21,0,0,Motorbike,"[('cocktails', 1), ('pizza', 3), ('gulab jamun', 2)]",10,77.07600000000001,2175,4,2.9695
ORD062086,REST1946,CUST04179,COUR0371,-37.82638060000001,144.98559450000005,2020-07-07,03:09:53,0,0,Bike,"[('roti', 2), ('chicken tenders', 2), ('biryani', 1), ('paneer malai tikka', 2)]",0,128.69,5634,28,5.9213
ORD260475,REST1137,CUST02517,COUR0794,-37.8155917,145.0059186,2020-02-22,14:34:17,0,1,Motorbike,"[('cocktails', 2), ('murgh ghee roast', 1), ('chicken biryani', 3)]",0,102.77,3629,7,4.3318
ORD273233,REST1572,CUST12298,COUR1548,-37.8116892,144.9564892,2020-08-06,00:47:28,0,0,Bike,"[('bbq chicken', 2), ('mocktails', 2), ('caramel pudding', 2), ('cocktails', 2)]",20,88.52799999999999,1434,7,3.1316
ORD248876,REST1137,CUST04977,COUR3988,-37.8113535,144.9731957,2020-04-22,21:01:58,0,0,Car,"[('murgh ghee roast', 2), ('chicken biryani', 1)]",40,16.398,493,1,2.8532
ORD290179,REST2185,CUST03901,COUR0537,-37.816492,144.94597119999997,2020-12-23,05:20:26,0,0,Motorbike,"[('shahi paneer', 1), ('protein chapati', 1), ('sweet lassi', 3), ('biryani', 2)]",0,93.91,1567,3,3.0163
ORD067859,REST2155,CUST00521,COUR1581,-37.8140119,144.9560524,2020-10-06,12:27:41,1,0,Motorbike,"[('butter kulcha', 1), ('sweet lassi', 3)]",10,28.728,4532,9,4.9211
ORD125663,REST1137,CUST04579,COUR1827,-37.8138459,144.9485005,2020-10-21,14:26:22,0,0,Motorbike,"[('fish', 2), ('mocktails', 2), ('murgh ghee roast', 2)]",45,19.987000000000002,3093,6,2.9983
ORD236720,REST2155,CUST08544,COUR3363,-37.8204739,144.97911630000004,2020-12-19,20:22:25,0,1,Motorbike,"[('thali', 3), ('cheese naan', 2), ('biryani', 3), ('palak paneer', 3)]",20,109.88,3471,7,4.1402
ORD017614,REST1137,CUST07905,COUR4080,-37.8163438,144.987727,2020-06-26,13:27:01,1,0,Bike,"[('momos', 3), ('murgh ghee roast', 1)]",0,34.64,2085,10,5.2443
ORD198655,REST2185,CUST10423,COUR1773,-37.8195356,144.96165159999995,2020-04-06,08:14:30,0,0,Car,"[('protein chapati', 3), ('shahi paneer', 3)]",0,48.69,1248,3,2.9357
ORD180206,REST1137,CUST00436,COUR2532,-37.8147369,144.9498791,2020-08-21,20:42:11,0,0,Motorbike,"[('fish', 3), ('momos', 1), ('gulab jamun', 1)]",40,30.791999999999998,3230,6,2.7536
ORD134118,REST1137,CUST06405,COUR2444,-37.80248710000001,145.0051415,2020-09-06,22:52:44,0,1,Bike,"[('chicken kebab', 3), ('cocktails', 3), ('fish', 3), ('mocktails', 2)]",0,139.04,3892,19,5.7259
ORD193674,REST1572,CUST08807,COUR0979,-37.8231295,144.98909519999995,2020-03-02,09:41:32,0,0,Bike,"[('mocktails', 1), ('caramel pudding', 3)]",0,61.46,4116,21,4.5606
ORD055403,REST1137,CUST02268,COUR2837,-37.8182545,144.96696709999995,2020-01-29,21:53:24,0,0,Motorbike,"[('fish', 3), ('chicken kebab', 2), ('momos', 2), ('cocktails', 3)]",0,133.53,1713,3,1.32195
ORD095524,REST2155,CUST01651,COUR0332,-37.809295,145.0017436,2020-10-18,11:24:23,0,1,Bike,"[('biryani', 2), ('kulfi', 2)]",40,16.26,407,2,3.6838
ORD256424,REST1572,CUST04133,COUR0678,-37.8190467,144.9851874,2020-09-22,01:07:15,0,0,Car,"[('bbq chicken', 1), ('cocktails', 1), ('veg starter', 3)]",20,61.824,1821,4,2.9341
ORD320398,REST1137,CUST05368,COUR2588,-37.8106465,144.9680408,2020-12-21,12:35:36,1,0,Bike,"[('chicken biryani', 2), ('chicken kebab', 3), ('crispy corn', 2)]",40,65.142,641,3,4.5406
ORD108174,REST1946,CUST09687,COUR1643,-37.8051604,144.9602013,2020-05-03,02:30:19,0,1,Car,"[('butter naan', 2), ('biryani', 1)]",0,40.67,2320,6,4.6304
ORD019950,REST2185,CUST09367,COUR4409,-37.8109295,144.9728153,2020-12-20,11:40:13,0,1,Motorbike,"[('biryani', 1), ('shahi paneer', 2), ('jeera rice', 3)]",0,61.46,2492,5,4.1477
ORD191127,REST1572,CUST10057,COUR4274,-37.823322,144.9938042,2020-01-19,05:52:05,0,1,Car,"[('sea food', 2), ('pizza', 2)]",10,60.84,2776,7,4.3554
ORD223417,REST1946,CUST10396,COUR1526,-37.80828220000001,144.97134330000003,2020-09-07,12:43:30,1,0,Motorbike,"[('yakhni pulao', 3), ('paneer malai tikka', 3)]",0,132.93,3296,7,5.35
ORD146088,REST1946,CUST08166,COUR3891,-37.8183031,145.0077128,2020-11-30,21:21:45,0,0,Car,"[('paneer malai tikka', 2), ('chicken tenders', 3), ('roti', 2), ('biryani', 3)]",0,172.55,7098,17,4.8813
ORD107226,REST2185,CUST05672,COUR4153,-37.812863,144.93746399999995,2020-10-03,05:48:07,0,1,Bike,"[('shahi paneer', 1), ('rajma', 1), ('custard', 2)]",20,59.06399999999999,2757,14,5.0479
ORD000497,REST2155,CUST09209,COUR0911,-37.8113586,144.95752380000005,2020-07-12,11:52:05,0,1,Bike,"[('biryani', 1), ('sweet lassi', 1)]",0,12.31,4276,21,5.776
ORD291118,REST2185,CUST03011,COUR1979,-37.8253445,144.95999809999995,2020-02-16,18:11:52,1,1,Motorbike,"[('sweet lassi', 3), ('rajma', 3), ('biryani', 1), ('shahi paneer', 1)]",0,113.09,554,1,5.6947
ORD098219,REST1946,CUST13094,COUR2426,-37.823123,144.9830236,2020-03-05,12:23:44,1,0,Motorbike,"[('paneer malai tikka', 2), ('mutton pepper fry', 2)]",20,73.904,5380,11,9.2586
ORD308845,REST1946,CUST05607,COUR3524,-37.8148009,144.93778569999995,2020-10-28,02:10:32,0,0,Bike,"[('butter naan', 3), ('yakhni pulao', 1), ('mutton pepper fry', 1)]",10,73.125,1190,6,3.8311
ORD171880,REST2155,CUST01741,COUR2980,-37.8152963,144.9412116,2020-01-21,03:13:50,0,0,Motorbike,"[('sweet lassi', 2), ('butter kulcha', 3), ('kulfi', 1)]",0,65.2,5940,12,3.9831
ORD035561,REST2155,CUST01524,COUR0906,-37.8274983,144.9877139,2020-09-28,23:36:15,0,0,Car,"[('cheese naan', 2), ('palak paneer', 1), ('sweet lassi', 3)]",10,68.706,3835,9,3.575
ORD340313,REST1946,CUST09753,COUR1799,-37.8091352,144.981439,2020-10-31,16:36:55,0,1,Motorbike,"[('roti', 1), ('paneer malai tikka', 3), ('chicken tenders', 3)]",10,121.41,4214,8,5.1529
ORD088601,REST2185,CUST13193,COUR1787,-37.8190355,144.9769985,2020-12-14,11:52:05,0,0,Bike,"[('shahi paneer', 2), ('sweet lassi', 2)]",0,47.34,2184,11,3.5754
ORD030581,REST1946,CUST13422,COUR0164,-37.8106951,145.01529069999995,2020-08-09,11:32:18,0,1,Motorbike,"[('mutton pepper fry', 3), ('yakhni pulao', 2), ('roti', 1)]",0,124.33,7544,15,5.7012
ORD259426,REST1137,CUST05689,COUR0011,-37.8137504,144.9376603,2020-08-13,21:09:53,0,0,Motorbike,"[('chicken biryani', 3), ('pizza', 1), ('chicken kebab', 1)]",0,67.19,3886,8,3.3218
ORD216154,REST1572,CUST03773,COUR2047,-37.8230927,144.9379385,2020-03-27,17:40:13,0,0,Car,"[('caramel pudding', 3), ('sea food', 3)]",0,73.8,2808,7,3.4579
ORD327655,REST1137,CUST04925,COUR2072,-37.8139141,144.97314219999996,2020-01-02,01:46:48,0,0,Bike,"[('momos', 3), ('murgh ghee roast', 2), ('chicken kebab', 1)]",0,51.93,824,4,2.7389
ORD114200,REST1572,CUST08863,COUR3340,-37.8189643,144.9525952,2020-10-19,19:23:04,1,0,Car,"[('veg starter', 1), ('caramel pudding', 2), ('wedges', 1)]",0,65.3,1410,3,4.5049
ORD304413,REST2155,CUST11957,COUR1422,-37.8204228,144.9909987,2020-11-20,13:23:04,1,0,Car,"[('thali', 1), ('butter kulcha', 2), ('cheese naan', 2), ('kulfi', 3)]",40,66.036,2079,5,4.8796
ORD008069,REST1572,CUST13933,COUR4471,-37.8076419,144.96276830000005,2020-09-22,21:21:45,0,0,Motorbike,"[('pizza', 1), ('mocktails', 3), ('wedges', 2)]",0,121.8,1306,3,2.8532
ORD326760,REST2155,CUST06985,COUR2029,-37.8049294,144.9538799,2020-12-07,14:14:30,0,0,Bike,"[('biryani', 3), ('palak paneer', 2), ('sweet lassi', 3), ('thali', 1)]",0,72.09,4630,23,5.0234
ORD034886,REST1946,CUST00897,COUR1050,-37.8192211,144.9733815,2020-12-13,04:05:16,0,1,Motorbike,"[('roti', 1), ('biryani', 3), ('chicken tenders', 2), ('paneer malai tikka', 1)]",20,92.39200000000001,4193,8,5.1934
ORD141785,REST1137,CUST08763,COUR3326,-37.8003919,144.9609668,2020-08-19,17:12:31,0,0,Car,"[('cocktails', 2), ('chicken biryani', 2), ('mocktails', 3)]",0,100.45,2061,5,2.8493
ORD324792,REST1572,CUST06033,COUR3669,-37.80660820000001,144.942918,2020-04-19,00:27:41,0,1,Bike,"[('sea food', 2), ('cocktails', 2), ('pizza', 1), ('wedges', 1)]",0,74.63,3030,15,4.9403
ORD011938,REST1946,CUST09031,COUR2620,-37.8079603,144.9754684,2020-07-14,23:16:29,0,0,Motorbike,"[('roti', 1), ('butter naan', 3), ('biryani', 1), ('mutton pepper fry', 1)]",0,93.85,3584,7,4.0545
ORD249151,REST2155,CUST10456,COUR0240,-37.7994034,144.95948149999995,2020-01-26,04:09:13,0,1,Bike,"[('palak paneer', 1), ('sweet lassi', 3)]",0,28.3,4778,24,5.8435
ORD086783,REST1572,CUST11435,COUR2040,-37.805124,144.9370784,2020-05-22,05:36:15,0,0,Motorbike,"[('sea food', 3), ('cocktails', 2), ('bbq chicken', 3), ('pizza', 2)]",0,137.19,3542,7,3.2901
ORD008680,REST1946,CUST13293,COUR1409,-37.8228795,144.9806268,2020-05-03,04:21:05,0,1,Car,"[('paneer malai tikka', 1), ('mutton pepper fry', 1), ('butter naan', 1)]",40,35.544000000000004,5059,12,5.5882
ORD150647,REST1137,CUST12447,COUR4551,-37.8172931,144.95326200000005,2020-06-03,18:19:46,1,0,Bike,"[('chicken kebab', 3), ('cocktails', 2), ('mocktails', 2), ('murgh ghee roast', 3)]",0,112.55,2334,12,7.7089500000000015
ORD048493,REST1572,CUST10246,COUR4615,-37.8209795,144.9687295,2020-12-15,03:21:45,0,0,Motorbike,"[('wedges', 2), ('cocktails', 2)]",0,49.14,547,1,2.7332
ORD305655,REST1137,CUST03181,COUR4853,-37.8084848,144.925964,2020-01-07,12:11:52,1,0,Motorbike,"[('chicken kebab', 1), ('mocktails', 1), ('momos', 1), ('chicken biryani', 1)]",20,35.88,4773,10,5.1163
ORD300532,REST2155,CUST04929,COUR2055,-37.8142605,144.9727854,2020-06-19,15:13:50,0,0,Car,"[('palak paneer', 1), ('sweet lassi', 3)]",0,28.3,3207,8,2.9967
ORD191653,REST1572,CUST05797,COUR4024,-37.8244134,144.9886387,2020-01-21,22:13:11,0,0,Motorbike,"[('pizza', 3), ('sea food', 3), ('wedges', 1)]",0,120.55,2346,5,3.5286
ORD237954,REST1572,CUST10342,COUR1496,-37.8047684,144.97243469999995,2020-04-10,18:07:54,1,0,Motorbike,"[('veg starter', 1), ('wedges', 1)]",0,37.78,2130,4,4.4905
ORD198742,REST1946,CUST10212,COUR2088,-37.8134372,144.9463922,2020-02-10,05:20:26,0,0,Car,"[('yakhni pulao', 1), ('chicken tenders', 2), ('mutton pepper fry', 3)]",0,115.52,1508,4,3.6637
ORD195797,REST1946,CUST09081,COUR1186,-37.7980831,144.9875429,2020-12-23,20:58:01,0,0,Bike,"[('paneer malai tikka', 3), ('mutton pepper fry', 2), ('chicken tenders', 2), ('biryani', 2)]",0,175.16,5468,27,5.956
ORD259746,REST2185,CUST03483,COUR3272,-37.8114807,144.93783190000005,2020-08-10,05:20:26,0,0,Car,"[('protein chapati', 1), ('rajma', 2), ('custard', 1)]",0,59.28,2497,6,3.1289999999999996
ORD261815,REST1572,CUST05732,COUR4060,-37.8146424,144.9466024,2020-02-17,22:01:19,0,0,Bike,"[('bbq chicken', 2), ('sea food', 3), ('wedges', 3)]",40,73.146,2237,11,3.9001
ORD062322,REST1946,CUST07650,COUR0352,-37.8129196,144.9405217,2020-01-09,14:02:38,0,0,Motorbike,"[('butter naan', 1), ('biryani', 3), ('roti', 2)]",45,51.172,1338,3,3.6706
ORD300696,REST2155,CUST01221,COUR1709,-37.8041569,144.99398080000003,2020-11-04,22:44:50,0,0,Car,"[('thali', 1), ('cheese naan', 1), ('butter kulcha', 3)]",0,82.44,1531,4,3.3771
ORD070130,REST1946,CUST07273,COUR2107,-37.8207561,144.94847180000005,2020-09-06,04:09:13,0,1,Bike,"[('yakhni pulao', 2), ('chicken tenders', 1), ('mutton pepper fry', 1), ('biryani', 2)]",20,84.85600000000001,2252,11,5.2049
ORD254408,REST1572,CUST10228,COUR3158,-37.8002377,144.9699444,2020-04-11,07:07:15,0,1,Car,"[('caramel pudding', 1), ('pizza', 1), ('cocktails', 3), ('veg starter', 3)]",0,108.87,2395,6,2.02465
ORD172282,REST1572,CUST07798,COUR2525,-37.8009025,144.9879895,2020-11-28,16:13:11,0,1,Bike,"[('sea food', 2), ('cocktails', 2)]",0,32.52,3259,16,5.2979
ORD282778,REST2155,CUST10374,COUR1933,-37.8251521,144.992233,2020-01-24,15:01:58,0,0,Bike,"[('butter kulcha', 3), ('thali', 1), ('kulfi', 1)]",45,35.728,3103,16,3.9439
ORD179958,REST1572,CUST05512,COUR3171,-37.8129318,144.9617801,2020-02-14,06:35:36,0,0,Bike,"[('cocktails', 1), ('wedges', 2), ('sea food', 1)]",0,54.56,788,4,1.3548
ORD149356,REST1946,CUST01666,COUR0823,-37.8198656,145.01114109999997,2020-06-27,13:58:40,1,1,Car,"[('mutton pepper fry', 1), ('paneer malai tikka', 3), ('roti', 1)]",10,101.45700000000001,7356,18,7.6082
ORD062168,REST2185,CUST08250,COUR4030,-37.8211862,144.9554005,2020-07-30,09:37:34,0,0,Motorbike,"[('rajma', 1), ('shahi paneer', 2), ('sweet lassi', 3)]",0,75.1,311,1,3.1385
ORD217355,REST1946,CUST12093,COUR1380,-37.8250773,145.01499980000003,2020-02-21,16:09:13,0,0,Car,"[('roti', 2), ('chicken tenders', 1), ('mutton pepper fry', 1)]",45,40.144,8195,20,5.3711
ORD084403,REST2185,CUST03577,COUR4520,-37.7998806,144.9729288,2020-08-26,13:07:15,1,0,Car,"[('jeera rice', 3), ('biryani', 3), ('custard', 1), ('shahi paneer', 1)]",0,113.59,3743,9,5.2081
ORD060357,REST2155,CUST04111,COUR3127,-37.8195096,144.98485480000005,2020-07-26,19:07:15,1,1,Bike,"[('biryani', 1), ('thali', 2), ('sweet lassi', 3)]",10,39.266999999999996,2588,13,6.0934
ORD345165,REST1946,CUST00347,COUR3434,-37.8186685,144.98310469999996,2020-03-06,16:48:47,0,0,Motorbike,"[('mutton pepper fry', 1), ('butter naan', 2), ('biryani', 3)]",40,55.08,5118,10,4.6964
ORD158393,REST1572,CUST08148,COUR2388,-37.8174851,145.0052354,2020-05-03,22:56:42,0,1,Motorbike,"[('caramel pudding', 2), ('bbq chicken', 1)]",0,43.49,3749,7,4.3053
ORD004680,REST2185,CUST05718,COUR4646,-37.8154644,144.9402939,2020-04-03,19:38:54,1,0,Bike,"[('jeera rice', 1), ('shahi paneer', 1)]",0,17.61,2266,11,5.1391
ORD304860,REST2155,CUST04699,COUR3152,-37.8041355,144.9177199,2020-01-01,08:38:14,0,0,Bike,"[('biryani', 3), ('palak paneer', 2)]",0,45.83,7908,40,6.9407
ORD031334,REST1572,CUST12994,COUR0136,-37.8125386,144.95178769999995,2020-12-09,15:09:53,0,0,Motorbike,"[('mocktails', 2), ('cocktails', 3), ('caramel pudding', 3), ('veg starter', 2)]",10,121.64399999999999,1992,4,2.94
ORD327826,REST2155,CUST13910,COUR0642,-37.8095201,144.9639661,2020-11-09,10:05:16,0,0,Motorbike,"[('palak paneer', 1), ('sweet lassi', 1), ('cheese naan', 1)]",45,22.945999999999998,3659,7,3.3539999999999996
ORD155088,REST1137,CUST03640,COUR0708,-37.80390870000001,144.9668829,2020-08-12,05:44:10,0,0,Bike,"[('mocktails', 3), ('chicken biryani', 2), ('fish', 3), ('pizza', 1)]",0,77.08,1220,6,2.8007
ORD211405,REST2185,CUST02684,COUR0853,-37.7992723,144.9656131,2020-02-12,22:44:50,0,0,Motorbike,"[('sweet lassi', 2), ('shahi paneer', 1), ('rajma', 1)]",10,46.287,3485,7,3.6077
ORD220508,REST1946,CUST06092,COUR0622,-37.8055853,144.941927,2020-11-27,15:41:32,0,0,Motorbike,"[('yakhni pulao', 2), ('roti', 3), ('mutton pepper fry', 1)]",20,93.304,472,1,3.2842
ORD046680,REST1572,CUST13986,COUR3292,-37.81021670000001,144.9612965,2020-11-28,12:11:52,1,1,Motorbike,"[('pizza', 1), ('sea food', 2)]",45,24.552,1033,2,5.6783
ORD299773,REST2155,CUST07225,COUR2148,-37.8209085,144.94733169999995,2020-02-01,02:42:11,0,1,Bike,"[('sweet lassi', 3), ('thali', 1)]",0,26.26,5626,28,5.853
ORD050707,REST1572,CUST04321,COUR3580,-37.8161385,144.97247030000003,2020-01-13,15:57:21,0,0,Bike,"[('pizza', 1), ('bbq chicken', 2)]",0,54.9,636,3,2.8519
ORD064305,REST1572,CUST03797,COUR1690,-37.8231326,144.9375605,2020-12-18,16:01:19,0,0,Car,"[('sea food', 3), ('mocktails', 1)]",0,52.7,2841,7,3.1824
ORD082698,REST1946,CUST04469,COUR0344,-37.8221491,144.95605880000005,2020-08-16,15:21:45,0,1,Motorbike,"[('mutton pepper fry', 1), ('chicken tenders', 3), ('biryani', 3), ('yakhni pulao', 1)]",40,77.982,2696,5,4.4149
ORD268100,REST2185,CUST05231,COUR4178,-37.821239,144.9614195,2020-08-23,03:13:50,0,1,Bike,"[('jeera rice', 2), ('sweet lassi', 3)]",45,29.304000000000002,542,3,4.1901
ORD071875,REST1572,CUST07216,COUR2922,-37.8102268,144.9708867,2020-09-17,16:01:19,0,0,Car,"[('veg starter', 2), ('bbq chicken', 1), ('cocktails', 1), ('sea food', 1)]",45,38.22,1342,3,2.9146
ORD218752,REST2185,CUST05162,COUR0323,-37.8244678,144.9565472,2020-05-23,09:01:58,0,1,Bike,"[('shahi paneer', 3), ('jeera rice', 2), ('protein chapati', 2)]",20,45.672,124,1,3.7769
ORD154684,REST1137,CUST00218,COUR1125,-37.7986885,144.9489387,2020-02-14,20:42:11,0,0,Motorbike,"[('murgh ghee roast', 1), ('cocktails', 2), ('pizza', 2)]",40,38.28,2887,6,3.3553
ORD124858,REST1572,CUST10796,COUR4861,-37.8142605,144.9551879,2020-10-05,02:38:14,0,0,Bike,"[('mocktails', 2), ('pizza', 1), ('wedges', 3), ('veg starter', 3)]",0,176.66,1407,7,3.1463
ORD247761,REST1946,CUST00677,COUR0143,-37.80006229999999,145.0052351,2020-10-08,05:00:39,0,0,Car,"[('butter naan', 3), ('chicken tenders', 2)]",0,68.59,7019,17,5.0249
ORD298323,REST2185,CUST00109,COUR2697,-37.8105739,144.9503021,2020-08-19,20:34:17,0,0,Motorbike,"[('custard', 3), ('shahi paneer', 1)]",0,83.43,1555,3,2.7661
ORD303847,REST1572,CUST03639,COUR3726,-37.8038545,144.966467,2020-04-02,13:38:54,1,0,Motorbike,"[('mocktails', 3), ('veg starter', 3), ('sea food', 2)]",20,110.488,1853,4,4.5374
ORD108637,REST1946,CUST09875,COUR2520,-37.8099693,144.9785167,2020-01-14,17:32:18,0,0,Bike,"[('roti', 1), ('chicken tenders', 3), ('mutton pepper fry', 3)]",0,128.27,3984,20,5.3508
ORD043897,REST1137,CUST09397,COUR2782,-37.8112627,144.9618758,2020-11-12,03:57:21,0,0,Car,"[('chicken biryani', 1), ('cocktails', 1), ('momos', 1), ('gulab jamun', 2)]",0,95.72,1276,3,2.7047
ORD067594,REST1572,CUST04442,COUR1184,-37.8141607,144.9917767,2020-11-07,06:15:49,0,1,Motorbike,"[('bbq chicken', 2), ('caramel pudding', 1), ('cocktails', 2), ('mocktails', 3)]",0,117.08,2579,5,4.2852
ORD036447,REST2155,CUST02372,COUR1179,-37.81925070000001,144.9434517,2020-01-25,23:44:10,0,1,Bike,"[('cheese naan', 1), ('biryani', 3)]",40,27.03,6009,30,6.3078
ORD245140,REST1572,CUST00238,COUR4241,-37.8244182,144.948369,2020-08-06,17:48:07,0,0,Car,"[('wedges', 3), ('pizza', 3), ('mocktails', 2)]",45,91.68,1769,4,2.9524
ORD075170,REST2155,CUST03990,COUR4653,-37.8242325,144.9438579,2020-12-11,00:35:36,0,0,Motorbike,"[('cheese naan', 1), ('sweet lassi', 2)]",45,19.041,6151,12,3.7935
ORD069789,REST1946,CUST00635,COUR4342,-37.8162141,144.9659806,2020-01-13,11:52:05,0,0,Bike,"[('roti', 1), ('paneer malai tikka', 1), ('yakhni pulao', 2)]",20,66.048,3398,17,5.0287
ORD002549,REST2155,CUST00983,COUR1331,-37.8141341,144.9673044,2020-06-13,09:05:56,0,1,Motorbike,"[('palak paneer', 2), ('kulfi', 3)]",0,44.42,3689,7,4.6622
ORD000790,REST2185,CUST05201,COUR3826,-37.8206961,144.9568595,2020-06-14,03:29:40,0,1,Car,"[('biryani', 2), ('jeera rice', 1), ('shahi paneer', 2), ('sweet lassi', 2)]",0,92.8,421,1,4.0357
ORD124764,REST1946,CUST11168,COUR2269,-37.8100167,144.944937,2020-09-05,05:20:26,0,1,Bike,"[('biryani', 1), ('chicken tenders', 3), ('paneer malai tikka', 2), ('mutton pepper fry', 3)]",0,173.1,1085,5,4.7688
ORD057090,REST2155,CUST07544,COUR0697,-37.8134616,144.944369,2020-05-31,11:08:34,0,1,Bike,"[('palak paneer', 1), ('cheese naan', 2)]",0,60.44,5559,28,6.5067
ORD096596,REST2155,CUST07279,COUR1815,-37.82103729999999,144.94760060000004,2020-10-14,14:38:14,0,0,Car,"[('palak paneer', 2), ('butter kulcha', 2), ('sweet lassi', 2)]",0,67.44,5601,13,3.8179
ORD324274,REST2185,CUST03027,COUR1085,-37.8243618,144.96954019999995,2020-04-15,10:36:55,0,0,Motorbike,"[('rajma', 2), ('biryani', 2), ('custard', 2), ('protein chapati', 3)]",0,133.28,1535,3,3.3829
ORD327764,REST1137,CUST10756,COUR0811,-37.80956629999999,144.9836123,2020-07-21,05:00:39,0,0,Car,"[('momos', 3), ('chicken biryani', 3)]",0,79.11,1353,3,2.9589
ORD318694,REST1946,CUST02895,COUR2469,-37.80694310000001,144.9860394,2020-12-13,08:38:14,0,1,Motorbike,"[('paneer malai tikka', 2), ('chicken tenders', 3)]",20,74.048,4653,9,5.6231
ORD115617,REST1946,CUST13359,COUR0997,-37.8192703,144.95563869999995,2020-05-12,05:24:23,0,0,Bike,"[('biryani', 3), ('roti', 3), ('paneer malai tikka', 1)]",40,73.398,2693,13,4.4285
ORD199349,REST1137,CUST05251,COUR0697,-37.8180119,144.96497580000005,2020-02-12,10:25:03,0,0,Bike,"[('pizza', 3), ('chicken kebab', 1), ('fish', 2), ('momos', 1)]",40,30.3,1804,9,5.3121
ORD327975,REST1137,CUST08599,COUR3227,-37.8239566,144.9596042,2020-11-15,10:13:11,0,1,Car,"[('murgh ghee roast', 3), ('chicken biryani', 2), ('crispy corn', 3)]",0,108.64,3280,8,2.30275
ORD091611,REST2185,CUST10063,COUR0315,-37.8104417,144.9905071,2020-01-04,18:23:44,1,1,Motorbike,"[('jeera rice', 1), ('biryani', 1), ('sweet lassi', 2), ('custard', 2)]",0,100.96,3731,7,6.0532
ORD288087,REST2185,CUST01062,COUR3881,-37.826258,145.0178552,2020-02-08,11:36:15,0,1,Bike,"[('sweet lassi', 1), ('biryani', 3), ('protein chapati', 3)]",0,87.66,6293,31,7.045
ORD141283,REST1137,CUST11802,COUR2910,-37.8012646,144.96269630000003,2020-11-25,09:01:58,0,0,Motorbike,"[('fish', 3), ('pizza', 3), ('gulab jamun', 2), ('chicken biryani', 2)]",0,113.85,1841,4,2.813
ORD108712,REST1137,CUST11251,COUR4421,-37.8183025,144.9476864,2020-07-15,07:42:51,0,0,Motorbike,"[('momos', 2), ('fish', 2), ('gulab jamun', 2)]",20,62.08,2937,6,3.6416
ORD034201,REST2185,CUST11223,COUR0429,-37.8028864,144.9508198,2020-12-10,07:15:09,0,0,Motorbike,"[('jeera rice', 1), ('rajma', 3), ('protein chapati', 3), ('custard', 3)]",10,126.738,2626,5,3.1467
ORD316194,REST1572,CUST13828,COUR2884,-37.81918510000001,144.9610198,2020-01-30,08:58:01,0,0,Motorbike,"[('bbq chicken', 1), ('cocktails', 1), ('mocktails', 2)]",20,49.4,466,1,2.4598
ORD084871,REST2155,CUST11292,COUR3030,-37.8191206,144.9597134,2020-01-21,02:46:09,0,0,Motorbike,"[('palak paneer', 2), ('butter kulcha', 1), ('sweet lassi', 2)]",20,41.136,4465,9,3.6256
ORD164285,REST2155,CUST09561,COUR1465,-37.8255375,144.9668224,2020-08-19,07:15:09,0,0,Bike,"[('cheese naan', 1), ('palak paneer', 1)]",40,21.851999999999997,4666,23,4.9657
ORD243224,REST1137,CUST08201,COUR1869,-37.818283,145.0074284,2020-06-08,10:01:19,0,0,Bike,"[('pizza', 1), ('chicken biryani', 2), ('chicken kebab', 3), ('mocktails', 1)]",40,48.593999999999994,3877,19,4.5209
ORD054804,REST1137,CUST03937,COUR2900,-37.8102573,144.936063,2020-11-11,13:23:04,1,0,Motorbike,"[('pizza', 1), ('mocktails', 2), ('momos', 2), ('murgh ghee roast', 3)]",0,54.13,3884,8,4.7815
ORD164132,REST2185,CUST03819,COUR1885,-37.8050219,145.0150167,2020-09-12,21:45:29,0,1,Car,"[('custard', 3), ('rajma', 2), ('sweet lassi', 3)]",0,141.44,6576,16,2.6615
ORD274283,REST2185,CUST09521,COUR2801,-37.8106776,145.00064740000005,2020-07-17,05:32:18,0,0,Car,"[('protein chapati', 1), ('shahi paneer', 2), ('biryani', 1)]",20,36.832,4675,11,3.8291
ORD159889,REST1137,CUST02817,COUR4786,-37.815718,145.0028708,2020-10-27,17:08:34,0,0,Bike,"[('chicken biryani', 3), ('pizza', 3)]",40,39.672,3355,17,4.0727
ORD293151,REST1946,CUST05314,COUR2772,-37.8177227,144.96465880000005,2020-06-09,23:20:26,0,0,Bike,"[('paneer malai tikka', 1), ('mutton pepper fry', 2), ('chicken tenders', 1)]",0,82.9,3354,17,4.9736
ORD213762,REST1572,CUST04511,COUR4505,-37.8206586,144.9539071,2020-12-13,20:18:27,0,1,Car,"[('caramel pudding', 3), ('veg starter', 3)]",40,58.302,1362,3,4.0711
ORD105399,REST2155,CUST03671,COUR2835,-37.8042913,144.9655935,2020-01-12,12:59:20,1,1,Motorbike,"[('butter kulcha', 3), ('kulfi', 2), ('thali', 1)]",0,71.5,3717,7,5.7705
ORD132838,REST1946,CUST01333,COUR0982,-37.7991687,144.9729061,2020-06-29,13:54:43,1,0,Bike,"[('yakhni pulao', 1), ('roti', 1)]",0,38.25,3927,20,6.7719
ORD026741,REST1572,CUST12000,COUR2725,-37.8158235,144.9921103,2020-10-28,22:52:44,0,0,Car,"[('bbq chicken', 2), ('sea food', 2), ('mocktails', 2)]",45,51.68899999999999,2570,6,3.2146
ORD265846,REST1137,CUST00464,COUR2076,-37.791144,144.9368632,2020-02-20,02:46:09,0,0,Bike,"[('fish', 3), ('chicken kebab', 3), ('crispy corn', 1), ('gulab jamun', 1)]",20,77.704,4780,24,5.2511
ORD279308,REST2185,CUST08316,COUR4022,-37.8132333,144.9513085,2020-05-09,11:00:39,0,1,Motorbike,"[('biryani', 1), ('custard', 2)]",0,67.78,1250,2,4.0605
ORD035683,REST2185,CUST05552,COUR3442,-37.812421,144.9478957,2020-02-08,22:13:11,0,1,Car,"[('protein chapati', 1), ('custard', 3), ('biryani', 3)]",0,136.14,3048,7,4.2659
ORD169315,REST1572,CUST13353,COUR4200,-37.8165343,145.0089471,2020-11-23,22:05:16,0,0,Bike,"[('sea food', 1), ('caramel pudding', 2), ('veg starter', 1)]",0,56.99,4112,21,4.8473
ORD028106,REST1572,CUST04081,COUR3249,-37.8209292,144.98275869999995,2020-12-12,01:15:09,0,1,Motorbike,"[('wedges', 3), ('sea food', 3), ('bbq chicken', 2), ('mocktails', 1)]",40,85.25399999999999,1864,4,4.3146
ORD290929,REST2185,CUST08813,COUR4425,-37.82962,144.98793,2020-07-24,07:27:01,0,0,Bike,"[('jeera rice', 3), ('sweet lassi', 3)]",0,60.3,6029,30,5.9656
ORD155803,REST1946,CUST00703,COUR3576,-37.8101954,144.9971252,2020-06-15,02:10:32,0,0,Motorbike,"[('mutton pepper fry', 1), ('paneer malai tikka', 1), ('chicken tenders', 1)]",40,36.546,5521,11,4.239
ORD263940,REST2185,CUST08255,COUR0707,-37.821130200000006,144.9577365,2020-07-07,18:15:49,1,0,Bike,"[('jeera rice', 2), ('protein chapati', 3), ('sweet lassi', 2)]",0,57.12,377,2,4.4057
ORD076280,REST2185,CUST05460,COUR1385,-37.8132913,144.9653492,2020-10-05,01:27:01,0,0,Car,"[('custard', 1), ('rajma', 1), ('protein chapati', 1), ('jeera rice', 2)]",20,46.912,1811,4,3.085
ORD152532,REST1946,CUST07510,COUR4486,-37.8179297,144.94613969999997,2020-11-26,03:41:32,0,0,Bike,"[('yakhni pulao', 1), ('butter naan', 2), ('paneer malai tikka', 3), ('biryani', 2)]",40,88.77,1820,9,4.0486
ORD022111,REST1946,CUST04671,COUR4195,-37.8002524,144.9434681,2020-09-04,22:17:08,0,0,Car,"[('biryani', 2), ('chicken tenders', 2), ('paneer malai tikka', 3), ('mutton pepper fry', 2)]",40,105.096,1118,3,3.3037
ORD212021,REST1946,CUST04382,COUR2895,-37.8243276,144.97310990000003,2020-08-05,16:21:05,0,0,Motorbike,"[('yakhni pulao', 2), ('chicken tenders', 2)]",40,41.79600000000001,4512,9,4.1786
ORD272625,REST2155,CUST05447,COUR0875,-37.7993218,144.9838369,2020-09-15,12:43:30,1,0,Bike,"[('palak paneer', 3), ('cheese naan', 1)]",45,33.671,2921,15,5.603
ORD257190,REST1137,CUST10382,COUR2432,-37.818138,144.9692103,2020-01-29,07:46:48,0,0,Bike,"[('crispy corn', 2), ('mocktails', 3), ('chicken biryani', 1)]",40,45.492,1978,10,3.7083
ORD058612,REST2185,CUST05334,COUR4198,-37.8162328,144.9644965,2020-09-23,08:10:32,0,0,Motorbike,"[('biryani', 2), ('protein chapati', 1), ('jeera rice', 1), ('shahi paneer', 3)]",40,49.722,1404,3,3.0005
ORD074617,REST1137,CUST03439,COUR4285,-37.8186623,144.9928325,2020-09-24,04:40:52,0,0,Bike,"[('gulab jamun', 3), ('momos', 1), ('pizza', 1)]",0,83.53,2628,13,4.0806
ORD052680,REST1572,CUST02501,COUR0897,-37.817994,144.9317665,2020-12-05,04:32:58,0,1,Car,"[('caramel pudding', 1), ('sea food', 1)]",0,24.6,3811,9,4.3233
ORD230146,REST2185,CUST09547,COUR0777,-37.8273797,145.0136202,2020-04-02,22:44:50,0,0,Motorbike,"[('custard', 1), ('sweet lassi', 1), ('shahi paneer', 1), ('jeera rice', 3)]",0,69.01,5352,11,3.9373
ORD275498,REST2185,CUST01740,COUR2448,-37.8209365,144.9337138,2020-05-06,19:42:51,1,0,Motorbike,"[('custard', 2), ('rajma', 3), ('sweet lassi', 2), ('biryani', 2)]",40,94.32,2194,4,4.6067
ORD332916,REST2155,CUST00573,COUR4749,-37.8169756,144.9665798,2020-07-24,12:27:41,1,0,Car,"[('butter kulcha', 3), ('sweet lassi', 1)]",45,29.348000000000003,3841,9,4.995
ORD155832,REST2185,CUST01370,COUR0135,-37.7996751,144.9612477,2020-10-02,09:29:40,0,0,Car,"[('custard', 2), ('shahi paneer', 2), ('jeera rice', 2), ('protein chapati', 1)]",0,89.42,3290,8,3.7811
ORD344898,REST2185,CUST11310,COUR2289,-37.8183531,144.9670147,2020-12-11,01:11:12,0,0,Car,"[('biryani', 3), ('jeera rice', 3)]",0,78.72,1188,3,3.1491
ORD347021,REST1137,CUST03571,COUR2016,-37.7985847,144.96571219999996,2020-07-03,22:56:42,0,0,Bike,"[('crispy corn', 1), ('gulab jamun', 3), ('cocktails', 2), ('pizza', 1)]",45,77.622,1907,10,3.9249
ORD034995,REST1137,CUST12815,COUR1735,-37.8191399,144.9647072,2020-06-15,10:44:50,0,0,Car,"[('pizza', 2), ('crispy corn', 1), ('gulab jamun', 2)]",0,76.2,1986,5,1.6366
ORD158268,REST2185,CUST11900,COUR2169,-37.8032198,144.9740179,2020-10-10,07:38:54,0,1,Motorbike,"[('rajma', 1), ('protein chapati', 2), ('shahi paneer', 3)]",45,31.752,3360,7,4.6314
ORD113596,REST2185,CUST01133,COUR4502,-37.8054295,145.00462919999995,2020-07-22,22:56:42,0,0,Motorbike,"[('shahi paneer', 3), ('jeera rice', 1), ('biryani', 3), ('rajma', 3)]",45,77.27,5533,11,4.0532
ORD094820,REST1946,CUST08305,COUR0898,-37.8220691,144.9738881,2020-04-08,18:00:00,1,0,Bike,"[('roti', 3), ('chicken tenders', 2), ('paneer malai tikka', 2)]",0,132.26,4440,22,7.0677
ORD239864,REST2185,CUST06710,COUR2311,-37.8081093,144.973275,2020-05-16,15:09:53,0,1,Motorbike,"[('sweet lassi', 3), ('jeera rice', 1), ('shahi paneer', 2)]",0,67.44,2812,6,4.4196
ORD207040,REST2155,CUST13772,COUR0330,-37.8139572,144.9560267,2020-08-05,20:18:27,0,0,Car,"[('thali', 2), ('butter kulcha', 1), ('cheese naan', 3)]",0,108.8,4534,11,3.4253
ORD027046,REST2185,CUST08997,COUR2280,-37.8158973,144.964698,2020-04-23,06:11:52,0,0,Car,"[('rajma', 3), ('protein chapati', 3), ('shahi paneer', 3), ('sweet lassi', 2)]",45,65.39,1405,3,2.9849
ORD324144,REST1946,CUST05306,COUR2040,-37.8190545,144.96534230000003,2020-10-14,21:17:48,0,0,Motorbike,"[('paneer malai tikka', 2), ('roti', 1), ('biryani', 1)]",0,81.11,3483,7,3.8435
ORD012077,REST2185,CUST12803,COUR0391,-37.8021474,144.9379185,2020-02-15,14:54:03,0,1,Bike,"[('rajma', 2), ('sweet lassi', 3), ('biryani', 1), ('custard', 1)]",0,112.1,3782,19,5.7827
ORD278202,REST2185,CUST06181,COUR1736,-37.8134525,144.9357542,2020-07-01,17:36:15,0,0,Bike,"[('sweet lassi', 3), ('shahi paneer', 2), ('biryani', 1), ('protein chapati', 1)]",45,46.903999999999996,2841,14,4.082
ORD036173,REST1946,CUST12030,COUR3650,-37.8087783,144.97044250000005,2020-10-31,20:50:06,0,1,Car,"[('paneer malai tikka', 1), ('roti', 2)]",0,60.48,3284,8,4.9911
ORD216504,REST1946,CUST05818,COUR1034,-37.8136748,144.9818194,2020-12-27,11:16:29,0,1,Motorbike,"[('yakhni pulao', 2), ('paneer malai tikka', 1), ('mutton pepper fry', 2)]",10,97.56,4553,9,5.1798
ORD257380,REST2185,CUST12198,COUR4759,-37.8018004,144.9635544,2020-04-10,18:27:41,1,0,Car,"[('protein chapati', 2), ('jeera rice', 1), ('shahi paneer', 1), ('rajma', 3)]",0,72.93,3120,7,5.162999999999999
ORD038714,REST2155,CUST11961,COUR4459,-37.81848770000001,144.99459,2020-09-21,00:23:44,0,0,Car,"[('palak paneer', 1), ('kulfi', 1)]",0,18.94,1576,4,2.9382
ORD225021,REST1572,CUST10298,COUR1682,-37.80685089999999,144.9746571,2020-03-08,23:52:05,0,1,Bike,"[('bbq chicken', 2), ('mocktails', 2), ('pizza', 3)]",10,127.06200000000001,1863,9,4.798
ORD243804,REST2155,CUST05057,COUR0703,-37.819279,144.9615442,2020-03-25,19:54:43,1,0,Motorbike,"[('butter kulcha', 3), ('palak paneer', 3), ('kulfi', 3)]",45,57.684,4266,9,4.8334
ORD282307,REST1572,CUST05833,COUR2743,-37.8127138,144.9827524,2020-10-20,17:24:23,0,0,Bike,"[('bbq chicken', 2), ('pizza', 2), ('wedges', 1)]",0,97.01,1679,8,3.2195
ORD164093,REST1137,CUST10143,COUR4308,-37.7991393,144.9891178,2020-10-31,01:27:01,0,1,Bike,"[('gulab jamun', 3), ('chicken biryani', 3)]",0,118.17,2667,13,4.7761
ORD290554,REST1946,CUST05904,COUR0283,-37.8155797,144.9736,2020-02-22,16:01:19,0,1,Car,"[('paneer malai tikka', 3), ('roti', 3), ('chicken tenders', 2)]",0,156.46,4099,10,5.2296
ORD184571,REST2155,CUST06719,COUR3555,-37.8080931,144.9731894,2020-04-12,17:28:21,0,1,Motorbike,"[('cheese naan', 3), ('butter kulcha', 3)]",0,120.12,2813,6,4.3641
ORD069886,REST2185,CUST05852,COUR3470,-37.8055499,144.9756707,2020-03-07,23:56:02,0,1,Car,"[('shahi paneer', 1), ('sweet lassi', 2), ('biryani', 2)]",0,75.19,3148,8,4.5851
ORD060942,REST1572,CUST01505,COUR3975,-37.813669,144.9469793,2020-02-28,13:58:40,1,0,Car,"[('sea food', 1), ('caramel pudding', 1), ('wedges', 3), ('mocktails', 1)]",45,56.226000000000006,2249,5,4.5306
ORD221657,REST1946,CUST07374,COUR3361,-37.8185289,144.9701108,2020-06-19,23:16:29,0,0,Bike,"[('biryani', 3), ('yakhni pulao', 2), ('roti', 3)]",10,124.515,3886,19,5.547000000000001
ORD089040,REST2185,CUST08753,COUR0258,-37.8145064,144.9660349,2020-01-11,13:50:46,1,1,Bike,"[('custard', 1), ('biryani', 2)]",20,50.176,1669,8,6.1588
ORD117013,REST2185,CUST00813,COUR2048,-37.81698,144.9574679,2020-02-03,18:15:49,1,0,Bike,"[('protein chapati', 2), ('custard', 1), ('biryani', 1), ('jeera rice', 1)]",20,49.44,958,5,5.0011
ORD105983,REST1572,CUST08303,COUR2651,-37.8211416,144.9551161,2020-11-03,02:54:03,0,0,Bike,"[('cocktails', 1), ('mocktails', 2)]",0,45.78,1041,5,3.3902
ORD265202,REST1137,CUST10994,COUR1884,-37.80473370000001,144.9618009,2020-01-31,05:12:31,0,0,Bike,"[('murgh ghee roast', 2), ('chicken biryani', 1)]",10,24.596999999999998,1540,8,3.2099
ORD254399,REST2155,CUST01487,COUR1297,-37.8178033,144.96974330000003,2020-02-01,03:49:27,0,1,Motorbike,"[('butter kulcha', 2), ('kulfi', 3), ('sweet lassi', 2)]",20,49.808,3929,8,4.7988
ORD019296,REST1137,CUST11538,COUR3949,-37.80612470000001,144.9979428,2020-05-04,08:30:19,0,0,Motorbike,"[('cocktails', 3), ('gulab jamun', 2)]",20,93.544,3051,6,3.1243
ORD273293,REST1946,CUST11101,COUR3726,-37.80848579999999,144.94677919999995,2020-02-07,18:27:41,1,0,Motorbike,"[('chicken tenders', 1), ('biryani', 2), ('yakhni pulao', 3), ('butter naan', 3)]",0,143.34,1161,2,5.152
ORD202715,REST2185,CUST08295,COUR3240,-37.8211946,144.95491919999995,2020-05-19,20:46:09,0,0,Bike,"[('protein chapati', 3), ('sweet lassi', 2), ('custard', 2)]",20,73.312,307,2,2.8736
ORD205216,REST2185,CUST03168,COUR1068,-37.8070567,144.985559,2020-01-08,15:49:27,0,0,Car,"[('protein chapati', 3), ('shahi paneer', 3), ('jeera rice', 3)]",45,38.363,3612,9,3.5999
ORD193409,REST1572,CUST01329,COUR2505,-37.8240071,144.93446469999995,2020-01-10,12:47:28,1,0,Car,"[('cocktails', 3), ('pizza', 2), ('wedges', 1)]",0,81.33,3188,8,5.0853
ORD292097,REST1137,CUST08570,COUR0980,-37.8061276,144.94005969999995,2020-03-11,08:58:01,0,0,Bike,"[('chicken biryani', 1), ('gulab jamun', 2)]",45,34.194,3661,18,4.6352
ORD229315,REST1137,CUST05430,COUR3634,-37.8139282,144.9654051,2020-05-07,06:35:36,0,0,Car,"[('murgh ghee roast', 3), ('chicken biryani', 2), ('chicken kebab', 3)]",0,85.09,1368,3,2.8841
ORD222802,REST1572,CUST06004,COUR4569,-37.8129622,144.9907104,2020-09-25,18:55:23,1,0,Car,"[('cocktails', 3), ('pizza', 2), ('mocktails', 3)]",0,122.72,2478,6,4.5289
ORD098942,REST2185,CUST06482,COUR4683,-37.8227308,145.0153099,2020-01-22,08:34:17,0,0,Motorbike,"[('protein chapati', 2), ('shahi paneer', 2), ('sweet lassi', 2), ('biryani', 1)]",0,77.84,5820,12,3.7095
ORD104889,REST1946,CUST06765,COUR2142,-37.80506870000001,144.97232309999995,2020-05-30,19:07:15,1,1,Motorbike,"[('paneer malai tikka', 2), ('mutton pepper fry', 3), ('roti', 1)]",0,132.51,3616,7,6.6992
ORD344491,REST1946,CUST13725,COUR3569,-37.8205448,144.95745459999995,2020-12-24,14:10:32,0,0,Bike,"[('chicken tenders', 1), ('mutton pepper fry', 2), ('paneer malai tikka', 2)]",20,85.68,2758,14,4.5328
ORD080435,REST1572,CUST06292,COUR4656,-37.8075724,144.95805719999996,2020-04-08,04:25:03,0,0,Bike,"[('pizza', 1), ('cocktails', 1), ('veg starter', 3), ('sea food', 2)]",40,63.57,1594,8,3.1931
ORD056226,REST2155,CUST09577,COUR4100,-37.80850510000001,144.9548196,2020-06-15,09:53:24,0,0,Car,"[('kulfi', 3), ('cheese naan', 3), ('thali', 3)]",0,122.76,4549,11,3.9629
ORD203844,REST1572,CUST04616,COUR0489,-37.8123341,144.9468664,2020-03-18,09:29:40,0,0,Bike,"[('mocktails', 3), ('caramel pudding', 2), ('cocktails', 2)]",40,59.34,2489,12,3.4825
ORD009266,REST1137,CUST02580,COUR0452,-37.8030898,144.9612977,2020-06-23,11:00:39,0,0,Motorbike,"[('murgh ghee roast', 2), ('momos', 2), ('fish', 1)]",20,29.2,1707,3,2.6992
ORD338192,REST1137,CUST00603,COUR1697,-37.8143868,144.942835,2020-03-08,06:07:54,0,1,Bike,"[('murgh ghee roast', 1), ('fish', 3), ('gulab jamun', 1), ('cocktails', 3)]",0,118.29,3204,16,5.2908
ORD090071,REST1572,CUST10402,COUR4810,-37.8079477,144.9697767,2020-12-09,03:37:34,0,0,Motorbike,"[('caramel pudding', 3), ('bbq chicken', 3)]",0,89.19,1809,4,3.0435
ORD234876,REST2185,CUST05956,COUR3408,-37.8203207,144.9656438,2020-02-24,18:03:57,1,0,Bike,"[('biryani', 1), ('jeera rice', 2), ('custard', 2)]",40,49.092,1021,5,4.5964
ORD061901,REST1137,CUST09956,COUR0914,-37.7738026,144.9836466,2020-02-28,07:03:17,0,0,Bike,"[('crispy corn', 3), ('pizza', 3), ('murgh ghee roast', 1), ('fish', 3)]",0,99.77,7448,37,6.2198
ORD303540,REST2155,CUST05918,COUR3355,-37.8206984,144.96690780000003,2020-09-14,23:44:10,0,0,Bike,"[('sweet lassi', 3), ('butter kulcha', 2), ('palak paneer', 1)]",0,60.34,4185,21,4.478
ORD202993,REST1572,CUST05691,COUR0534,-37.8139739,144.9377565,2020-08-29,01:27:01,0,1,Motorbike,"[('wedges', 1), ('caramel pudding', 2), ('bbq chicken', 3), ('sea food', 2)]",0,116.26,3394,7,4.5252
ORD020052,REST2155,CUST13794,COUR3676,-37.80928970000001,144.972042,2020-03-19,20:46:09,0,0,Car,"[('cheese naan', 2), ('kulfi', 1)]",0,54.58,3015,7,3.0709
ORD179143,REST2155,CUST09260,COUR0519,-37.81350910000001,144.9656542,2020-03-18,14:06:35,0,0,Motorbike,"[('butter kulcha', 1), ('biryani', 2)]",0,30.04,3778,8,3.7439999999999998
ORD239586,REST1946,CUST13917,COUR4942,-37.8135444,144.9655326,2020-03-21,14:14:30,0,1,Car,"[('butter naan', 2), ('yakhni pulao', 2)]",20,53.056000000000004,3210,8,7.1385000000000005
ORD343453,REST1137,CUST12959,COUR3155,-37.81154229999999,144.9525382,2020-04-22,20:22:25,0,0,Bike,"[('crispy corn', 1), ('chicken biryani', 3), ('mocktails', 3), ('momos', 2)]",45,59.82899999999999,2238,11,3.6393
ORD249610,REST1137,CUST13997,COUR4212,-37.810432,144.9614358,2020-06-12,02:30:19,0,0,Motorbike,"[('gulab jamun', 3), ('momos', 2)]",20,70.288,1378,3,2.5535
ORD153507,REST1137,CUST07685,COUR1365,-37.8154808,144.9414181,2020-01-10,09:37:34,0,0,Bike,"[('chicken kebab', 1), ('murgh ghee roast', 2), ('momos', 1), ('crispy corn', 2)]",0,71.97,3373,17,3.9133
ORD098252,REST1137,CUST13948,COUR2554,-37.8133248,144.9513498,2020-07-29,07:46:48,0,0,Car,"[('momos', 2), ('crispy corn', 1), ('chicken biryani', 1)]",45,30.75,2318,6,4.8909
ORD190705,REST1946,CUST05291,COUR4582,-37.8175268,144.96855290000005,2020-05-03,19:46:48,1,1,Bike,"[('roti', 3), ('biryani', 1), ('chicken tenders', 2), ('butter naan', 3)]",45,75.669,4076,20,7.907
ORD082505,REST1572,CUST08317,COUR3232,-37.8132424,144.9513894,2020-02-12,11:16:29,0,0,Motorbike,"[('pizza', 3), ('wedges', 1), ('mocktails', 1), ('caramel pudding', 2)]",0,135.73,1889,4,2.9156
ORD045742,REST1137,CUST03166,COUR1803,-37.8074388,144.97811299999995,2020-06-02,00:51:25,0,0,Motorbike,"[('mocktails', 3), ('cocktails', 3)]",40,54.611999999999995,983,2,2.5606
ORD248139,REST2185,CUST04860,COUR4609,-37.8045269,144.9272992,2020-12-10,19:38:54,1,0,Motorbike,"[('rajma', 2), ('custard', 3), ('jeera rice', 1)]",0,109.22,3638,7,7.02825
ORD201489,REST2155,CUST08572,COUR3970,-37.8061468,144.9398977,2020-05-08,20:14:30,0,0,Bike,"[('biryani', 1), ('butter kulcha', 3), ('thali', 2)]",20,60.632,6413,32,5.8296
ORD173958,REST2155,CUST06787,COUR0208,-37.8047565,144.9705313,2020-02-19,03:05:56,0,0,Bike,"[('cheese naan', 3), ('biryani', 1), ('thali', 1)]",0,89.43,3413,17,4.4238
ORD299052,REST2185,CUST09546,COUR2749,-37.8274091,145.013615,2020-02-15,16:44:50,0,1,Car,"[('protein chapati', 1), ('rajma', 3)]",0,49.68,5349,13,4.9559
